Workbook

Sheet BON DE PREPARATION
A1: SARL ANDROMEDE DISTRIBUTION
A2: CITE CHAABIA LOT 16 SECTION 02 BIR TOUTA, ALGER.
A3: R-C : 16/00-1010272 B15 I-F : 001516101027219 ART : 16360128161 N° TEL : 0555048930
A5: BON DE CHARGEMENT
A7: VENDEUR : | B7: MM16F01 - SELMANE SEDDIK
A8: LIVREUR : | B8: ZOUBIRI AMINE
A9: DATE : | B9: 08 07 2023
A11: Code IDH | B11: PRODUITS | C11: Qté/Crt | D11: P.U. | E11: Qté. Vendu | F11: Montant TTC | G11: REMISE SALES BUZZ | H11: % REMISE | I11: REMISE
A12: 2682282 | B12: Le Chat Premium RL 2.5L | C12: 4 | D12: 995 | E12: =+'6'!E12+'12'!E12+'8'!E12+'7'!E12+'2'!E12+'5'!E12+'4'!E12+'9'!E12+'1'!E12+'10'!E12+'3'!E12+'11'!E12+'13'!E12+'14'!E12+'15'!E12+'16'!E12+'17'!E12+'18'!E12+'19'!E12 -> 0 | F12: =C12*D12*E12 -> 0 | H12: 0.06 | I12: =+H12*F12 -> 0
A13: 3035219 | B13: Le Chat LS BAG 2.5kg PROMO | C13: 4 | D13: 695 | E13: =+'6'!E13+'12'!E13+'8'!E13+'7'!E13+'2'!E13+'5'!E13+'4'!E13+'9'!E13+'1'!E13+'10'!E13+'3'!E13+'11'!E13+'13'!E13+'14'!E13+'15'!E13+'16'!E13+'17'!E13+'18'!E13+'19'!E13 -> 0 | F13: =C13*D13*E13 -> 0 | H13: 0.04 | I13: =+H13*F13 -> 0
A14: 3051094 | B14: Bref Moussant 1,75L | C14: 6 | D14: 226 | E14: =+'1'!E14+'2'!E14+'3'!E14+'4'!E14+'5'!E14+'6'!E14+'7'!E14+'8'!E14+'9'!E14+'10'!E14+'11'!E14+'12'!E14+'13'!E14+'14'!E14+'15'!E14+'16'!E14+'17'!E14+'18'!E14+'19'!E14 -> 0 | F14: =C14*D14*E14 -> 0 | H14: 0.04 | I14: =+H14*F14 -> 0
A15: 2823409 | B15: ISIS HS POWDER SDM 300GR LIMITLESS | C15: 25 | D15: 90 | E15: =+'1'!E15+'2'!E15+'3'!E15+'4'!E15+'5'!E15+'6'!E15+'7'!E15+'8'!E15+'9'!E15+'10'!E15+'11'!E15+'12'!E15+'13'!E15+'14'!E15+'15'!E15+'16'!E15+'17'!E15+'18'!E15+'19'!E15 -> 0 | F15: =C15*D15*E15 -> 0 | H15: 0.06 | I15: =+H15*F15 -> 0
A16: 3072722 | B16: BREF Trigger multi-surface 490ml | C16: 12 | D16: 221 | E16: =+'1'!E16+'2'!E16+'3'!E16+'4'!E16+'5'!E16+'6'!E16+'7'!E16+'8'!E16+'9'!E16+'10'!E16+'11'!E16+'12'!E16+'13'!E16+'14'!E16+'15'!E16+'16'!E16+'17'!E16+'18'!E16+'19'!E16 -> 0 | F16: =C16*D16*E16 -> 0 | I16: =+H16*F16 -> 0
A17: 3022693 | B17: Pril ISIS Cold Power 3L Promo | C17: 4 | D17: 595 | E17: =+'1'!E17+'2'!E17+'3'!E17+'4'!E17+'5'!E17+'6'!E17+'7'!E17+'8'!E17+'9'!E17+'10'!E17+'11'!E17+'12'!E17+'13'!E17+'14'!E17+'15'!E17+'16'!E17+'17'!E17+'18'!E17+'19'!E17 -> 0 | F17: =C17*D17*E17 -> 0 | I17: =+H17*F17 -> 0
A18: 2875891 | B18: ISIS HS 300g LEMON LIMITLESS | C18: 25 | D18: 90 | E18: =+'1'!E18+'2'!E18+'3'!E18+'4'!E18+'5'!E18+'6'!E18+'7'!E18+'8'!E18+'9'!E18+'10'!E18+'11'!E18+'12'!E18+'13'!E18+'14'!E18+'15'!E18+'16'!E18+'17'!E18+'18'!E18+'19'!E18 -> 0 | F18: =C18*D18*E18 -> 0 | H18: 0.06 | I18: =+H18*F18 -> 0
A19: 2875892 | B19: ISIS HS 750g LEMON LIMITLESS | C19: 12 | D19: 213 | E19: =+'1'!E19+'2'!E19+'3'!E19+'4'!E19+'5'!E19+'6'!E19+'7'!E19+'8'!E19+'9'!E19+'10'!E19+'11'!E19+'12'!E19+'13'!E19+'14'!E19+'15'!E19+'16'!E19+'17'!E19+'18'!E19+'19'!E19 -> 0 | F19: =C19*D19*E19 -> 0 | H19: 0.06 | I19: =+H19*F19 -> 0
A20: 2875893 | B20: ISIS HS 1,5Kg LEMON LIMITLESS | C20: 8 | D20: 417 | E20: =+'1'!E20+'2'!E20+'3'!E20+'4'!E20+'5'!E20+'6'!E20+'7'!E20+'8'!E20+'9'!E20+'10'!E20+'11'!E20+'12'!E20+'13'!E20+'14'!E20+'15'!E20+'16'!E20+'17'!E20+'18'!E20+'19'!E20 -> 0 | F20: =C20*D20*E20 -> 0 | H20: 0.06 | I20: =+H20*F20 -> 0
A21: 2910278 | B21: Nettoyant Moussant Javelisé 900ml | C21: 12 | D21: 123.5 | E21: =+'1'!E21+'2'!E21+'3'!E21+'4'!E21+'5'!E21+'6'!E21+'7'!E21+'8'!E21+'9'!E21+'10'!E21+'11'!E21+'12'!E21+'13'!E21+'14'!E21+'15'!E21+'16'!E21+'17'!E21+'18'!E21+'19'!E21 -> 0 | F21: =C21*D21*E21 -> 0 | H21: 0.04 | I21: =+H21*F21 -> 0
A22: 2943549 | B22: Pril ISIS Antibactérien 650ML Lemon | C22: 12 | D22: 168 | E22: =+'1'!E22+'2'!E22+'3'!E22+'4'!E22+'5'!E22+'6'!E22+'7'!E22+'8'!E22+'9'!E22+'10'!E22+'11'!E22+'12'!E22+'13'!E22+'14'!E22+'15'!E22+'16'!E22+'17'!E22+'18'!E22+'19'!E22 -> 0 | F22: =C22*D22*E22 -> 0 | I22: =+H22*F22 -> 0
A23: 2951994 | B23: Le Chat Rose 2,5L ADV23 | C23: 4 | D23: 810 | E23: =+'1'!E23+'2'!E23+'3'!E23+'4'!E23+'5'!E23+'6'!E23+'7'!E23+'8'!E23+'9'!E23+'10'!E23+'11'!E23+'12'!E23+'13'!E23+'14'!E23+'15'!E23+'16'!E23+'17'!E23+'18'!E23+'19'!E23 -> 0 | F23: =C23*D23*E23 -> 0 | H23: 0.06 | I23: =+H23*F23 -> 0
A24: 2952074 | B24: Le Chat Regular 2,5L ADV23 | C24: 4 | D24: 810 | E24: =+'1'!E24+'2'!E24+'3'!E24+'4'!E24+'5'!E24+'6'!E24+'7'!E24+'8'!E24+'9'!E24+'10'!E24+'11'!E24+'12'!E24+'13'!E24+'14'!E24+'15'!E24+'16'!E24+'17'!E24+'18'!E24+'19'!E24 -> 0 | F24: =C24*D24*E24 -> 0 | H24: 0.06 | I24: =+H24*F24 -> 0
A25: 2952081 | B25: Le Chat SDM 2,5L ADV23 | C25: 4 | D25: 810 | E25: =+'1'!E25+'2'!E25+'3'!E25+'4'!E25+'5'!E25+'6'!E25+'7'!E25+'8'!E25+'9'!E25+'10'!E25+'11'!E25+'12'!E25+'13'!E25+'14'!E25+'15'!E25+'16'!E25+'17'!E25+'18'!E25+'19'!E25 -> 0 | F25: =C25*D25*E25 -> 0 | H25: 0.06 | I25: =+H25*F25 -> 0
A26: 2952089 | B26: Le Chat Regular 1L ADV23 | C26: 10 | D26: 377 | E26: =+'1'!E26+'2'!E26+'3'!E26+'4'!E26+'5'!E26+'6'!E26+'7'!E26+'8'!E26+'9'!E26+'10'!E26+'11'!E26+'12'!E26+'13'!E26+'14'!E26+'15'!E26+'16'!E26+'17'!E26+'18'!E26+'19'!E26 -> 0 | F26: =C26*D26*E26 -> 0 | H26: 0.06 | I26: =+H26*F26 -> 0
A27: 2952090 | B27: Le Chat Rose 1L ADV23 | C27: 10 | D27: 377 | E27: =+'1'!E27+'2'!E27+'3'!E27+'4'!E27+'5'!E27+'6'!E27+'7'!E27+'8'!E27+'9'!E27+'10'!E27+'11'!E27+'12'!E27+'13'!E27+'14'!E27+'15'!E27+'16'!E27+'17'!E27+'18'!E27+'19'!E27 -> 0 | F27: =C27*D27*E27 -> 0 | H27: 0.06 | I27: =+H27*F27 -> 0
A28: 3035242 | B28: Le chat HDLD 4L ADV 23 non promo | C28: 3 | D28: 1145 | E28: =+'1'!E28+'2'!E28+'3'!E28+'4'!E28+'5'!E28+'6'!E28+'7'!E28+'8'!E28+'9'!E28+'10'!E28+'11'!E28+'12'!E28+'13'!E28+'14'!E28+'15'!E28+'16'!E28+'17'!E28+'18'!E28+'19'!E28 -> 0 | F28: =C28*D28*E28 -> 0 | H28: 0.06 | I28: =+H28*F28 -> 0
A29: 2958928 | B29: Le Chat 2,5kg bag ADV23 | C29: 4 | D29: 792 | E29: =+'1'!E29+'2'!E29+'3'!E29+'4'!E29+'5'!E29+'6'!E29+'7'!E29+'8'!E29+'9'!E29+'10'!E29+'11'!E29+'12'!E29+'13'!E29+'14'!E29+'15'!E29+'16'!E29+'17'!E29+'18'!E29+'19'!E29 -> 0 | F29: =C29*D29*E29 -> 0 | H29: 0.04 | I29: =+H29*F29 -> 0
A30: 2958931 | B30: Le Chat HS Gel 1L ADV23 | C30: 10 | D30: 331 | E30: =+'1'!E30+'2'!E30+'3'!E30+'4'!E30+'5'!E30+'6'!E30+'7'!E30+'8'!E30+'9'!E30+'10'!E30+'11'!E30+'12'!E30+'13'!E30+'14'!E30+'15'!E30+'16'!E30+'17'!E30+'18'!E30+'19'!E30 -> 0 | F30: =C30*D30*E30 -> 0 | H30: 0.04 | I30: =+H30*F30 -> 0
A31: 2958932 | B31: Le Chat HS 300gr ADV23 | C31: 25 | D31: 100 | E31: =+'1'!E31+'2'!E31+'3'!E31+'4'!E31+'5'!E31+'6'!E31+'7'!E31+'8'!E31+'9'!E31+'10'!E31+'11'!E31+'12'!E31+'13'!E31+'14'!E31+'15'!E31+'16'!E31+'17'!E31+'18'!E31+'19'!E31 -> 0 | F31: =C31*D31*E31 -> 0 | H31: 0.04 | I31: =+H31*F31 -> 0
A32: 2958933 | B32: Le Chat HS 750gr ADV23 | C32: 12 | D32: 233 | E32: =+'1'!E32+'2'!E32+'3'!E32+'4'!E32+'5'!E32+'6'!E32+'7'!E32+'8'!E32+'9'!E32+'10'!E32+'11'!E32+'12'!E32+'13'!E32+'14'!E32+'15'!E32+'16'!E32+'17'!E32+'18'!E32+'19'!E32 -> 0 | F32: =C32*D32*E32 -> 0 | H32: 0.04 | I32: =+H32*F32 -> 0
A33: 2970224 | B33: Pril Isis ultra power 1.25L | C33: 12 | D33: 284 | E33: =+'1'!E33+'2'!E33+'3'!E33+'4'!E33+'5'!E33+'6'!E33+'7'!E33+'8'!E33+'9'!E33+'10'!E33+'11'!E33+'12'!E33+'13'!E33+'14'!E33+'15'!E33+'16'!E33+'17'!E33+'18'!E33+'19'!E33 -> 0 | F33: =C33*D33*E33 -> 0 | I33: =+H33*F33 -> 0
A34: 2970482 | B34: Pril Isis ultra power 650ml | C34: 12 | D34: 168 | E34: =+'1'!E34+'2'!E34+'3'!E34+'4'!E34+'5'!E34+'6'!E34+'7'!E34+'8'!E34+'9'!E34+'10'!E34+'11'!E34+'12'!E34+'13'!E34+'14'!E34+'15'!E34+'16'!E34+'17'!E34+'18'!E34+'19'!E34 -> 0 | F34: =C34*D34*E34 -> 0 | I34: =+H34*F34 -> 0
A35: 2975112 | B35: Pril Isis ultra power 3 L | C35: 4 | D35: 664 | E35: =+'1'!E35+'2'!E35+'3'!E35+'4'!E35+'5'!E35+'6'!E35+'7'!E35+'8'!E35+'9'!E35+'10'!E35+'11'!E35+'12'!E35+'13'!E35+'14'!E35+'15'!E35+'16'!E35+'17'!E35+'18'!E35+'19'!E35 -> 0 | F35: =C35*D35*E35 -> 0 | I35: =+H35*F35 -> 0
A36: 2993253 | B36: Bref Triggers Cuisine 500ml | C36: 10 | D36: 221 | E36: =+'1'!E36+'2'!E36+'3'!E36+'4'!E36+'5'!E36+'6'!E36+'7'!E36+'8'!E36+'9'!E36+'10'!E36+'11'!E36+'12'!E36+'13'!E36+'14'!E36+'15'!E36+'16'!E36+'17'!E36+'18'!E36+'19'!E36 -> 0 | F36: =C36*D36*E36 -> 0 | I36: =+H36*F36 -> 0
A37: 2993256 | B37: ISIS Gold 5en1 300g | C37: 25 | D37: 90 | E37: =+'1'!E37+'2'!E37+'3'!E37+'4'!E37+'5'!E37+'6'!E37+'7'!E37+'8'!E37+'9'!E37+'10'!E37+'11'!E37+'12'!E37+'13'!E37+'14'!E37+'15'!E37+'16'!E37+'17'!E37+'18'!E37+'19'!E37 -> 0 | F37: =C37*D37*E37 -> 0 | H37: 0.06 | I37: =+H37*F37 -> 0
A38: 3002104 | B38: ISIS LS bag 2.5kg Lemon | C38: 4 | D38: 723 | E38: =+'1'!E38+'2'!E38+'3'!E38+'4'!E38+'5'!E38+'6'!E38+'7'!E38+'8'!E38+'9'!E38+'10'!E38+'11'!E38+'12'!E38+'13'!E38+'14'!E38+'15'!E38+'16'!E38+'17'!E38+'18'!E38+'19'!E38 -> 0 | F38: =C38*D38*E38 -> 0 | H38: 0.04 | I38: =+H38*F38 -> 0
A39: 3004676 | B39: ISIS gel machine universel 2.5L | C39: 4 | D39: 510 | E39: =+'1'!E39+'2'!E39+'3'!E39+'4'!E39+'5'!E39+'6'!E39+'7'!E39+'8'!E39+'9'!E39+'10'!E39+'11'!E39+'12'!E39+'13'!E39+'14'!E39+'15'!E39+'16'!E39+'17'!E39+'18'!E39+'19'!E39 -> 0 | F39: =C39*D39*E39 -> 0 | H39: 0.04 | I39: =+H39*F39 -> 0
A40: 3004679 | B40: ISIS gel machine universal 900ml | C40: 10 | D40: 265 | E40: =+'1'!E40+'2'!E40+'3'!E40+'4'!E40+'5'!E40+'6'!E40+'7'!E40+'8'!E40+'9'!E40+'10'!E40+'11'!E40+'12'!E40+'13'!E40+'14'!E40+'15'!E40+'16'!E40+'17'!E40+'18'!E40+'19'!E40 -> 0 | F40: =C40*D40*E40 -> 0 | H40: 0.04 | I40: =+H40*F40 -> 0
A41: 3011702 | B41: Bref javel pure power 900mL-DZ | C41: 12 | D41: 86 | E41: =+'1'!E41+'2'!E41+'3'!E41+'4'!E41+'5'!E41+'6'!E41+'7'!E41+'8'!E41+'9'!E41+'10'!E41+'11'!E41+'12'!E41+'13'!E41+'14'!E41+'15'!E41+'16'!E41+'17'!E41+'18'!E41+'19'!E41 -> 0 | F41: =C41*D41*E41 -> 0 | H41: 0.04 | I41: =+H41*F41 -> 0
A42: 3013691 | B42: Bref javel regular pure power 1,75L | C42: 6 | D42: 154 | E42: =+'1'!E42+'2'!E42+'3'!E42+'4'!E42+'5'!E42+'6'!E42+'7'!E42+'8'!E42+'9'!E42+'10'!E42+'11'!E42+'12'!E42+'13'!E42+'14'!E42+'15'!E42+'16'!E42+'17'!E42+'18'!E42+'19'!E42 -> 0 | F42: =C42*D42*E42 -> 0 | H42: 0.04 | I42: =+H42*F42 -> 0
A43: 3013692 | B43: Pril ISIS antibactérien 1.25L | C43: 12 | D43: 284 | E43: =+'1'!E43+'2'!E43+'3'!E43+'4'!E43+'5'!E43+'6'!E43+'7'!E43+'8'!E43+'9'!E43+'10'!E43+'11'!E43+'12'!E43+'13'!E43+'14'!E43+'15'!E43+'16'!E43+'17'!E43+'18'!E43+'19'!E43 -> 0 | F43: =C43*D43*E43 -> 0 | I43: =+H43*F43 -> 0
A44: 3014424 | B44: Le Chat Premium 1L LS GEL | C44: 10 | D44: 426 | E44: =+'1'!E44+'2'!E44+'3'!E44+'4'!E44+'5'!E44+'6'!E44+'7'!E44+'8'!E44+'9'!E44+'10'!E44+'11'!E44+'12'!E44+'13'!E44+'14'!E44+'15'!E44+'16'!E44+'17'!E44+'18'!E44+'19'!E44 -> 0 | F44: =C44*D44*E44 -> 0 | I44: =+H44*F44 -> 0
A45: 3019788 | B45: Pril isis antibac 1250ml promo | C45: 12 | D45: 267 | E45: =+'1'!E45+'2'!E45+'3'!E45+'4'!E45+'5'!E45+'6'!E45+'7'!E45+'8'!E45+'9'!E45+'10'!E45+'11'!E45+'12'!E45+'13'!E45+'14'!E45+'15'!E45+'16'!E45+'17'!E45+'18'!E45+'19'!E45 -> 0 | F45: =C45*D45*E45 -> 0 | I45: =+H45*F45 -> 0
A46: 3019789 | B46: Pril isis ultra power 1250ml promo | C46: 12 | D46: 267 | E46: =+'1'!E46+'2'!E46+'3'!E46+'4'!E46+'5'!E46+'6'!E46+'7'!E46+'8'!E46+'9'!E46+'10'!E46+'11'!E46+'12'!E46+'13'!E46+'14'!E46+'15'!E46+'16'!E46+'17'!E46+'18'!E46+'19'!E46 -> 0 | F46: =C46*D46*E46 -> 0 | I46: =+H46*F46 -> 0
A47: 3019821 | B47: Pril isis ultrapower 650ml promo | C47: 12 | D47: 156 | E47: =+'1'!E47+'2'!E47+'3'!E47+'4'!E47+'5'!E47+'6'!E47+'7'!E47+'8'!E47+'9'!E47+'10'!E47+'11'!E47+'12'!E47+'13'!E47+'14'!E47+'15'!E47+'16'!E47+'17'!E47+'18'!E47+'19'!E47 -> 0 | F47: =C47*D47*E47 -> 0 | I47: =+H47*F47 -> 0
A48: 3019822 | B48: Pril isis antibac 650ml promo | C48: 12 | D48: 156 | E48: =+'1'!E48+'2'!E48+'3'!E48+'4'!E48+'5'!E48+'6'!E48+'7'!E48+'8'!E48+'9'!E48+'10'!E48+'11'!E48+'12'!E48+'13'!E48+'14'!E48+'15'!E48+'16'!E48+'17'!E48+'18'!E48+'19'!E48 -> 0 | F48: =C48*D48*E48 -> 0 | I48: =+H48*F48 -> 0
A49: 3023685 | B49: Isis Bouquet 950ml Blan jasmin | C49: 12 | D49: 151 | E49: =+'1'!E49+'2'!E49+'3'!E49+'4'!E49+'5'!E49+'6'!E49+'7'!E49+'8'!E49+'9'!E49+'10'!E49+'11'!E49+'12'!E49+'13'!E49+'14'!E49+'15'!E49+'16'!E49+'17'!E49+'18'!E49+'19'!E49 -> 0 | F49: =C49*D49*E49 -> 0 | H49: 0.06 | I49: =+H49*F49 -> 0
A50: 3023684 | B50: isis Bouquet 950ml Rose | C50: 12 | D50: 151 | E50: =+'1'!E50+'2'!E50+'3'!E50+'4'!E50+'5'!E50+'6'!E50+'7'!E50+'8'!E50+'9'!E50+'10'!E50+'11'!E50+'12'!E50+'13'!E50+'14'!E50+'15'!E50+'16'!E50+'17'!E50+'18'!E50+'19'!E50 -> 0 | F50: =C50*D50*E50 -> 0 | H50: 0.06 | I50: =+H50*F50 -> 0
A51: 3021473 | B51: isis Bouquet 950ml Lavande | C51: 12 | D51: 151 | E51: =+'1'!E51+'2'!E51+'3'!E51+'4'!E51+'5'!E51+'6'!E51+'7'!E51+'8'!E51+'9'!E51+'10'!E51+'11'!E51+'12'!E51+'13'!E51+'14'!E51+'15'!E51+'16'!E51+'17'!E51+'18'!E51+'19'!E51 -> 0 | F51: =C51*D51*E51 -> 0 | H51: 0.06 | I51: =+H51*F51 -> 0
A52: 3030417 | B52: ISIS GOLD 5 en 1 HS 750g | C52: 12 | D52: 213 | E52: =+'1'!E52+'2'!E52+'3'!E52+'4'!E52+'5'!E52+'6'!E52+'7'!E52+'8'!E52+'9'!E52+'10'!E52+'11'!E52+'12'!E52+'13'!E52+'14'!E52+'15'!E52+'16'!E52+'17'!E52+'18'!E52+'19'!E52 -> 0 | F52: =C52*D52*E52 -> 0 | H52: 0.06 | I52: =+H52*F52 -> 0
A53: 3030426 | B53: Le Chat HS 1,5 KG ADV23 | C53: 8 | D53: 415 | E53: =+'1'!E53+'2'!E53+'3'!E53+'4'!E53+'5'!E53+'6'!E53+'7'!E53+'8'!E53+'9'!E53+'10'!E53+'11'!E53+'12'!E53+'13'!E53+'14'!E53+'15'!E53+'16'!E53+'17'!E53+'18'!E53+'19'!E53 -> 0 | F53: =C53*D53*E53 -> 0 | H53: 0.04 | I53: =+H53*F53 -> 0
A54: 3030254 | B54: ISIS Machine 2.5 kg Bag Promo Price OFF | C54: 4 | D54: 605 | E54: =+'1'!E54+'2'!E54+'3'!E54+'4'!E54+'5'!E54+'6'!E54+'7'!E54+'8'!E54+'9'!E54+'10'!E54+'11'!E54+'12'!E54+'13'!E54+'14'!E54+'15'!E54+'16'!E54+'17'!E54+'18'!E54+'19'!E54 -> 0 | F54: =C54*D54*E54 -> 0 | H54: 0.04 | I54: =+H54*F54 -> 0
A55: 3075606 | B55: Pril isis 650ml limited edition | C55: 12 | D55: 168 | E55: =+'1'!E55+'2'!E55+'3'!E55+'4'!E55+'5'!E55+'6'!E55+'7'!E55+'8'!E55+'9'!E55+'10'!E55+'11'!E55+'12'!E55+'13'!E55+'14'!E55+'15'!E55+'16'!E55+'17'!E55+'18'!E55+'19'!E55 -> 0 | F55: =C55*D55*E55 -> 0 | I55: =+H55*F55 -> 0
A56: 3051115 | B56: Le Chat HS Rose 750gr ADV23 | C56: 12 | D56: 233 | E56: =+'1'!E56+'2'!E56+'3'!E56+'4'!E56+'5'!E56+'6'!E56+'7'!E56+'8'!E56+'9'!E56+'10'!E56+'11'!E56+'12'!E56+'13'!E56+'14'!E56+'15'!E56+'16'!E56+'17'!E56+'18'!E56+'19'!E56 -> 0 | F56: =C56*D56*E56 -> 0 | H56: 0.04 | I56: =+H56*F56 -> 0
A57: 3051116 | B57: Le Chat HS Rose 300gr ADV23 | C57: 25 | D57: 100 | E57: =+'1'!E57+'2'!E57+'3'!E57+'4'!E57+'5'!E57+'6'!E57+'7'!E57+'8'!E57+'9'!E57+'10'!E57+'11'!E57+'12'!E57+'13'!E57+'14'!E57+'15'!E57+'16'!E57+'17'!E57+'18'!E57+'19'!E57 -> 0 | F57: =C57*D57*E57 -> 0 | H57: 0.04 | I57: =+H57*F57 -> 0
A58: 3020036 | B58: Promo Le Chat Liquide Machine 2.5L SDM | C58: 4 | D58: 725 | E58: =+'1'!E58+'2'!E58+'3'!E58+'4'!E58+'5'!E58+'6'!E58+'7'!E58+'8'!E58+'9'!E58+'10'!E58+'11'!E58+'12'!E58+'13'!E58+'14'!E58+'15'!E58+'16'!E58+'17'!E58+'18'!E58+'19'!E58 -> 0 | F58: =C58*D58*E58 -> 0 | H58: 0.06 | I58: =+H58*F58 -> 0
A59: 3020066 | B59: Promo Le Chat Liquide Machine 2.5L Rose | C59: 4 | D59: 725 | E59: =+'1'!E59+'2'!E59+'3'!E59+'4'!E59+'5'!E59+'6'!E59+'7'!E59+'8'!E59+'9'!E59+'10'!E59+'11'!E59+'12'!E59+'13'!E59+'14'!E59+'15'!E59+'16'!E59+'17'!E59+'18'!E59+'19'!E59 -> 0 | F59: =C59*D59*E59 -> 0 | H59: 0.06 | I59: =+H59*F59 -> 0
A60: 3021054 | B60: Le Chat Liquide Machine 2.5L (PROMO) | C60: 4 | D60: 725 | E60: =+'1'!E60+'2'!E60+'3'!E60+'4'!E60+'5'!E60+'6'!E60+'7'!E60+'8'!E60+'9'!E60+'10'!E60+'11'!E60+'12'!E60+'13'!E60+'14'!E60+'15'!E60+'16'!E60+'17'!E60+'18'!E60+'19'!E60 -> 0 | F60: =C60*D60*E60 -> 0 | H60: 0.06 | I60: =+H60*F60 -> 0
A61: 3091334 | B61: ISIS GOLD Machine Liquide 2.5L Lavander | C61: 4 | D61: 510 | E61: =+'1'!E61+'2'!E61+'3'!E61+'4'!E61+'5'!E61+'6'!E61+'7'!E61+'8'!E61+'9'!E61+'10'!E61+'11'!E61+'12'!E61+'13'!E61+'14'!E61+'15'!E61+'16'!E61+'17'!E61+'18'!E61+'19'!E61 -> 0 | F61: =C61*D61*E61 -> 0 | H61: 0.04 | I61: =+H61*F61 -> 0
A62: 3026745 | B62: Gliss Ultimate Repair 250ml | C62: 12 | D62: 378.5 | E62: =+'1'!E62+'2'!E62+'3'!E62+'4'!E62+'5'!E62+'6'!E62+'7'!E62+'8'!E62+'9'!E62+'10'!E62+'11'!E62+'12'!E62+'13'!E62+'14'!E62+'15'!E62+'16'!E62+'17'!E62+'18'!E62+'19'!E62 -> 0 | F62: =C62*D62*E62 -> 0 | H62: 0.04 | I62: =+H62*F62 -> 0
A63: 3026747 | B63: Gliss Aqua Revive 250ml | C63: 12 | D63: 378.5 | E63: =+'1'!E63+'2'!E63+'3'!E63+'4'!E63+'5'!E63+'6'!E63+'7'!E63+'8'!E63+'9'!E63+'10'!E63+'11'!E63+'12'!E63+'13'!E63+'14'!E63+'15'!E63+'16'!E63+'17'!E63+'18'!E63+'19'!E63 -> 0 | F63: =C63*D63*E63 -> 0 | H63: 0.04 | I63: =+H63*F63 -> 0
A64: 3026748 | B64: Gliss Oil Nutritive 250ml | C64: 12 | D64: 378.5 | F64: =C64*D64*E64 -> 0 | H64: 0.04 | I64: =+H64*F64 -> 0
A65: 3026746 | B65: Gliss Supreme Length 250ml | C65: 12 | D65: 378.5 | F65: =C65*D65*E65 -> 0 | H65: 0.04 | I65: =+H65*F65 -> 0
A66: 3026749 | B66: Gliss Aqua Revive 200ml | C66: 6 | D66: 379 | E66: =+'1'!E66+'2'!E66+'3'!E66+'4'!E66+'5'!E66+'6'!E66+'7'!E66+'8'!E66+'9'!E66+'10'!E66+'11'!E66+'12'!E66+'13'!E66+'14'!E66+'15'!E66+'16'!E66+'17'!E66+'18'!E66+'19'!E66 -> 0 | F66: =C66*D66*E66 -> 0 | H66: 0.04 | I66: =+H66*F66 -> 0
A67: 3026771 | B67: Gliss Oil Nutritive 200ml | C67: 6 | D67: 379 | E67: =+'1'!E67+'2'!E67+'3'!E67+'4'!E67+'5'!E67+'6'!E67+'7'!E67+'8'!E67+'9'!E67+'10'!E67+'11'!E67+'12'!E67+'13'!E67+'14'!E67+'15'!E67+'16'!E67+'17'!E67+'18'!E67+'19'!E67 -> 0 | F67: =C67*D67*E67 -> 0 | H67: 0.04 | I67: =+H67*F67 -> 0
A68: 3026772 | B68: Gliss Supreme Length 200ml | C68: 6 | D68: 379 | E68: =+'1'!E68+'2'!E68+'3'!E68+'4'!E68+'5'!E68+'6'!E68+'7'!E68+'8'!E68+'9'!E68+'10'!E68+'11'!E68+'12'!E68+'13'!E68+'14'!E68+'15'!E68+'16'!E68+'17'!E68+'18'!E68+'19'!E68 -> 0 | F68: =C68*D68*E68 -> 0 | H68: 0.04 | I68: =+H68*F68 -> 0
A69: 3026750 | B69: Gliss Ultimate Repair 200ml | C69: 6 | D69: 379 | E69: =+'1'!E69+'2'!E69+'3'!E69+'4'!E69+'5'!E69+'6'!E69+'7'!E69+'8'!E69+'9'!E69+'10'!E69+'11'!E69+'12'!E69+'13'!E69+'14'!E69+'15'!E69+'16'!E69+'17'!E69+'18'!E69+'19'!E69 -> 0 | F69: =C69*D69*E69 -> 0 | H69: 0.04 | I69: =+H69*F69 -> 0
A70: 1250001 | B70: Le Chat Liquide Machine 2.5L - Including TPR | C70: 4 | D70: 725 | E70: =+'1'!E70+'2'!E70+'3'!E70+'4'!E70+'5'!E70+'6'!E70+'7'!E70+'8'!E70+'9'!E70+'10'!E70+'11'!E70+'12'!E70+'13'!E70+'14'!E70+'15'!E70+'16'!E70+'17'!E70+'18'!E70+'19'!E70 -> 0 | F70: =C70*D70*E70 -> 0 | H70: 0.06 | I70: =+H70*F70 -> 0
A71: 1250002 | B71: Le Chat Liquide Machine 2.5L SDM - Including TPR | C71: 4 | D71: 725 | E71: =+'1'!E71+'2'!E71+'3'!E71+'4'!E71+'5'!E71+'6'!E71+'7'!E71+'8'!E71+'9'!E71+'10'!E71+'11'!E71+'12'!E71+'13'!E71+'14'!E71+'15'!E71+'16'!E71+'17'!E71+'18'!E71+'19'!E71 -> 0 | F71: =C71*D71*E71 -> 0 | H71: 0.06 | I71: =+H71*F71 -> 0
A72: 1250003 | B72: Le Chat Liquide Machine 2.5L Rose - Including TPR | C72: 4 | D72: 725 | E72: =+'1'!E72+'2'!E72+'3'!E72+'4'!E72+'5'!E72+'6'!E72+'7'!E72+'8'!E72+'9'!E72+'10'!E72+'11'!E72+'12'!E72+'13'!E72+'14'!E72+'15'!E72+'16'!E72+'17'!E72+'18'!E72+'19'!E72 -> 0 | F72: =C72*D72*E72 -> 0 | H72: 0.06 | I72: =+H72*F72 -> 0
A73: 3072880 | B73: Pril isis 1,25L l limited edition | C73: 12 | D73: 284 | E73: =+'1'!E73+'2'!E73+'3'!E73+'4'!E73+'5'!E73+'6'!E73+'7'!E73+'8'!E73+'9'!E73+'10'!E73+'11'!E73+'12'!E73+'13'!E73+'14'!E73+'15'!E73+'16'!E73+'17'!E73+'18'!E73+'19'!E73 -> 0 | F73: =C73*D73*E73 -> 0 | I73: =+H73*F73 -> 0
B74: TOTAL CARTONS | D74: =SUM(E14:E73) -> 0 | E74: TTC | F74: =SUM(F12:F73) -> 0 | G74: =SUM(G12:G73) -> 0 | I74: =SUM(I12:I73) -> 0
E75: REMISE | F75: =+I74 -> 0
E76: NET | F76: =+F74-F75 -> 0

Sheet 1
A1: SARL ANDROMEDE DISTRIBUTION
A2: CITE CHAABIA LOT 16 SECTION 02 BIR TOUTA, ALGER.
A3: R-C : 16/00-1010272 B15 I-F : 001516101027219 ART : 16360128161 N° TEL : 0555048930
A5: BON DE LIVRAISON
A7: CLIENT :
A8: ADRESSE :
A9: DATE : | B9: =+'BON DE PREPARATION'!B9 -> 08 07 2023 | D9: LIVREUR :
A11: Code IDH | B11: PRODUITS | C11: Qté/Crt | D11: P.U. | E11: Qté. Vendu | F11: Montant TTC | G11: REMISE SALES BUZZ | H11: % REMISE | I11: REMISE
A12: 2682282 | B12: Le Chat Premium RL 2.5L | C12: 4 | D12: 995 | F12: =C12*D12*E12 -> 0 | H12: 0.06 | I12: =+H12*F12 -> 0
A13: 3035219 | B13: Le Chat LS BAG 2.5kg PROMO | C13: 4 | D13: 695 | F13: =C13*D13*E13 -> 0 | H13: 0.04 | I13: =+H13*F13 -> 0
A14: 3051094 | B14: Bref Moussant 1,75L | C14: 6 | D14: 226 | F14: =C14*D14*E14 -> 0 | H14: 0.04 | I14: =+H14*F14 -> 0
A15: 2823409 | B15: ISIS HS POWDER SDM 300GR LIMITLESS | C15: 25 | D15: 90 | F15: =C15*D15*E15 -> 0 | H15: 0.06 | I15: =+H15*F15 -> 0
A16: 3072722 | B16: BREF Trigger multi-surface 490ml | C16: 12 | D16: 221 | F16: =C16*D16*E16 -> 0 | I16: =+H16*F16 -> 0
A17: 3022693 | B17: Pril ISIS Cold Power 3L Promo | C17: 4 | D17: 595 | F17: =C17*D17*E17 -> 0 | I17: =+H17*F17 -> 0
A18: 2875891 | B18: ISIS HS 300g LEMON LIMITLESS | C18: 25 | D18: 90 | F18: =C18*D18*E18 -> 0 | H18: 0.06 | I18: =+H18*F18 -> 0
A19: 2875892 | B19: ISIS HS 750g LEMON LIMITLESS | C19: 12 | D19: 213 | F19: =C19*D19*E19 -> 0 | H19: 0.06 | I19: =+H19*F19 -> 0
A20: 2875893 | B20: ISIS HS 1,5Kg LEMON LIMITLESS | C20: 8 | D20: 417 | F20: =C20*D20*E20 -> 0 | H20: 0.06 | I20: =+H20*F20 -> 0
A21: 2910278 | B21: Nettoyant Moussant Javelisé 900ml | C21: 12 | D21: 123.5 | F21: =C21*D21*E21 -> 0 | H21: 0.04 | I21: =+H21*F21 -> 0
A22: 2943549 | B22: Pril ISIS Antibactérien 650ML Lemon | C22: 12 | D22: 168 | F22: =C22*D22*E22 -> 0 | I22: =+H22*F22 -> 0
A23: 2951994 | B23: Le Chat Rose 2,5L ADV23 | C23: 4 | D23: 810 | F23: =C23*D23*E23 -> 0 | H23: 0.06 | I23: =+H23*F23 -> 0
A24: 2952074 | B24: Le Chat Regular 2,5L ADV23 | C24: 4 | D24: 810 | F24: =C24*D24*E24 -> 0 | H24: 0.06 | I24: =+H24*F24 -> 0
A25: 2952081 | B25: Le Chat SDM 2,5L ADV23 | C25: 4 | D25: 810 | F25: =C25*D25*E25 -> 0 | H25: 0.06 | I25: =+H25*F25 -> 0
A26: 2952089 | B26: Le Chat Regular 1L ADV23 | C26: 10 | D26: 377 | F26: =C26*D26*E26 -> 0 | H26: 0.06 | I26: =+H26*F26 -> 0
A27: 2952090 | B27: Le Chat Rose 1L ADV23 | C27: 10 | D27: 377 | F27: =C27*D27*E27 -> 0 | H27: 0.06 | I27: =+H27*F27 -> 0
A28: 3035242 | B28: Le chat HDLD 4L ADV 23 non promo | C28: 3 | D28: 1145 | F28: =C28*D28*E28 -> 0 | H28: 0.06 | I28: =+H28*F28 -> 0
A29: 2958928 | B29: Le Chat 2,5kg bag ADV23 | C29: 4 | D29: 792 | F29: =C29*D29*E29 -> 0 | H29: 0.04 | I29: =+H29*F29 -> 0
A30: 2958931 | B30: Le Chat HS Gel 1L ADV23 | C30: 10 | D30: 331 | F30: =C30*D30*E30 -> 0 | H30: 0.04 | I30: =+H30*F30 -> 0
A31: 2958932 | B31: Le Chat HS 300gr ADV23 | C31: 25 | D31: 100 | F31: =C31*D31*E31 -> 0 | H31: 0.04 | I31: =+H31*F31 -> 0
A32: 2958933 | B32: Le Chat HS 750gr ADV23 | C32: 12 | D32: 233 | F32: =C32*D32*E32 -> 0 | H32: 0.04 | I32: =+H32*F32 -> 0
A33: 2970224 | B33: Pril Isis ultra power 1.25L | C33: 12 | D33: 284 | F33: =C33*D33*E33 -> 0 | I33: =+H33*F33 -> 0
A34: 2970482 | B34: Pril Isis ultra power 650ml | C34: 12 | D34: 168 | F34: =C34*D34*E34 -> 0 | I34: =+H34*F34 -> 0
A35: 2975112 | B35: Pril Isis ultra power 3 L | C35: 4 | D35: 664 | F35: =C35*D35*E35 -> 0 | I35: =+H35*F35 -> 0
A36: 2993253 | B36: Bref Triggers Cuisine 500ml | C36: 10 | D36: 221 | F36: =C36*D36*E36 -> 0 | I36: =+H36*F36 -> 0
A37: 2993256 | B37: ISIS Gold 5en1 300g | C37: 25 | D37: 90 | F37: =C37*D37*E37 -> 0 | H37: 0.06 | I37: =+H37*F37 -> 0
A38: 3002104 | B38: ISIS LS bag 2.5kg Lemon | C38: 4 | D38: 723 | F38: =C38*D38*E38 -> 0 | H38: 0.04 | I38: =+H38*F38 -> 0
A39: 3004676 | B39: ISIS gel machine universel 2.5L | C39: 4 | D39: 510 | F39: =C39*D39*E39 -> 0 | H39: 0.04 | I39: =+H39*F39 -> 0
A40: 3004679 | B40: ISIS gel machine universal 900ml | C40: 10 | D40: 265 | F40: =C40*D40*E40 -> 0 | H40: 0.04 | I40: =+H40*F40 -> 0
A41: 3011702 | B41: Bref javel pure power 900mL-DZ | C41: 12 | D41: 86 | F41: =C41*D41*E41 -> 0 | H41: 0.04 | I41: =+H41*F41 -> 0
A42: 3013691 | B42: Bref javel regular pure power 1,75L | C42: 6 | D42: 154 | F42: =C42*D42*E42 -> 0 | H42: 0.04 | I42: =+H42*F42 -> 0
A43: 3013692 | B43: Pril ISIS antibactérien 1.25L | C43: 12 | D43: 284 | F43: =C43*D43*E43 -> 0 | I43: =+H43*F43 -> 0
A44: 3014424 | B44: Le Chat Premium 1L LS GEL | C44: 10 | D44: 426 | F44: =C44*D44*E44 -> 0 | I44: =+H44*F44 -> 0
A45: 3019788 | B45: Pril isis antibac 1250ml promo | C45: 12 | D45: 267 | F45: =C45*D45*E45 -> 0 | I45: =+H45*F45 -> 0
A46: 3019789 | B46: Pril isis ultra power 1250ml promo | C46: 12 | D46: 267 | F46: =C46*D46*E46 -> 0 | I46: =+H46*F46 -> 0
A47: 3019821 | B47: Pril isis ultrapower 650ml promo | C47: 12 | D47: 156 | F47: =C47*D47*E47 -> 0 | I47: =+H47*F47 -> 0
A48: 3019822 | B48: Pril isis antibac 650ml promo | C48: 12 | D48: 156 | F48: =C48*D48*E48 -> 0 | I48: =+H48*F48 -> 0
A49: 3023685 | B49: Isis Bouquet 950ml Blan jasmin | C49: 12 | D49: 151 | F49: =C49*D49*E49 -> 0 | H49: 0.06 | I49: =+H49*F49 -> 0
A50: 3023684 | B50: isis Bouquet 950ml Rose | C50: 12 | D50: 151 | F50: =C50*D50*E50 -> 0 | H50: 0.06 | I50: =+H50*F50 -> 0
A51: 3021473 | B51: isis Bouquet 950ml Lavande | C51: 12 | D51: 151 | F51: =C51*D51*E51 -> 0 | H51: 0.06 | I51: =+H51*F51 -> 0
A52: 3030417 | B52: ISIS GOLD 5 en 1 HS 750g | C52: 12 | D52: 213 | F52: =C52*D52*E52 -> 0 | H52: 0.06 | I52: =+H52*F52 -> 0
A53: 3030426 | B53: Le Chat HS 1,5 KG ADV23 | C53: 8 | D53: 415 | F53: =C53*D53*E53 -> 0 | H53: 0.04 | I53: =+H53*F53 -> 0
A54: 3030254 | B54: ISIS Machine 2.5 kg Bag Promo Price OFF | C54: 4 | D54: 605 | F54: =C54*D54*E54 -> 0 | H54: 0.04 | I54: =+H54*F54 -> 0
A55: 3075606 | B55: Pril isis 650ml limited edition | C55: 12 | D55: 168 | F55: =C55*D55*E55 -> 0 | I55: =+H55*F55 -> 0
A56: 3051115 | B56: Le Chat HS Rose 750gr ADV23 | C56: 12 | D56: 233 | F56: =C56*D56*E56 -> 0 | H56: 0.04 | I56: =+H56*F56 -> 0
A57: 3051116 | B57: Le Chat HS Rose 300gr ADV23 | C57: 25 | D57: 100 | F57: =C57*D57*E57 -> 0 | H57: 0.04 | I57: =+H57*F57 -> 0
A58: 3020036 | B58: Promo Le Chat Liquide Machine 2.5L SDM | C58: 4 | D58: 725 | F58: =C58*D58*E58 -> 0 | H58: 0.06 | I58: =+H58*F58 -> 0
A59: 3020066 | B59: Promo Le Chat Liquide Machine 2.5L Rose | C59: 4 | D59: 725 | F59: =C59*D59*E59 -> 0 | H59: 0.06 | I59: =+H59*F59 -> 0
A60: 3021054 | B60: Le Chat Liquide Machine 2.5L (PROMO) | C60: 4 | D60: 725 | F60: =C60*D60*E60 -> 0 | H60: 0.06 | I60: =+H60*F60 -> 0
A61: 3091334 | B61: ISIS GOLD Machine Liquide 2.5L Lavander | C61: 4 | D61: 510 | F61: =C61*D61*E61 -> 0 | H61: 0.04 | I61: =+H61*F61 -> 0
A62: 3026745 | B62: Gliss Ultimate Repair 250ml | C62: 12 | D62: 378.5 | F62: =C62*D62*E62 -> 0 | H62: 0.04 | I62: =+H62*F62 -> 0
A63: 3026747 | B63: Gliss Aqua Revive 250ml | C63: 12 | D63: 378.5 | F63: =C63*D63*E63 -> 0 | H63: 0.04 | I63: =+H63*F63 -> 0
A64: 3026748 | B64: Gliss Oil Nutritive 250ml | C64: 12 | D64: 378.5 | F64: =C64*D64*E64 -> 0 | H64: 0.04 | I64: =+H64*F64 -> 0
A65: 3026746 | B65: Gliss Supreme Length 250ml | C65: 12 | D65: 378.5 | F65: =C65*D65*E65 -> 0 | H65: 0.04 | I65: =+H65*F65 -> 0
A66: 3026749 | B66: Gliss Aqua Revive 200ml | C66: 6 | D66: 379 | F66: =C66*D66*E66 -> 0 | H66: 0.04 | I66: =+H66*F66 -> 0
A67: 3026771 | B67: Gliss Oil Nutritive 200ml | C67: 6 | D67: 379 | F67: =C67*D67*E67 -> 0 | H67: 0.04 | I67: =+H67*F67 -> 0
... A72: 1250003 | B72: Le Chat Liquide Machine 2.5L Rose - Including TPR | C72: 4 | D72: 725 | F72: =C72*D72*E72 -> 0 | H72: 0.06 | I72: =+H72*F72 -> 0
A73: 3072880 | B73: Pril isis 1,25L l limited edition | C73: 12 | D73: 284 | F73: =C73*D73*E73 -> 0 | I73: =+H73*F73 -> 0
B74: TOTAL CARTONS | D74: =SUM(E14:E73) -> 0 | E74: TTC | F74: =SUM(F12:F73) -> 0 | G74: =SUM(G12:G73) -> 0 | I74: =SUM(I12:I73) -> 0
E75: REMISE | F75: =+I74 -> 0
E76: NET | F76: =+F74-F75 -> 0

Sheet 2
A1: SARL ANDROMEDE DISTRIBUTION
A2: CITE CHAABIA LOT 16 SECTION 02 BIR TOUTA, ALGER.
A3: R-C : 16/00-1010272 B15 I-F : 001516101027219 ART : 16360128161 N° TEL : 0555048930
A5: BON DE LIVRAISON
A7: CLIENT :
A8: ADRESSE :
A9: DATE : | B9: =+'BON DE PREPARATION'!B9 -> 08 07 2023 | D9: LIVREUR :
A11: Code IDH | B11: PRODUITS | C11: Qté/Crt | D11: P.U. | E11: Qté. Vendu | F11: Montant TTC | G11: REMISE SALES BUZZ | H11: % REMISE | I11: REMISE
A12: 2682282 | B12: Le Chat Premium RL 2.5L | C12: 4 | D12: 995 | F12: =C12*D12*E12 -> 0 | H12: 0.06 | I12: =+H12*F12 -> 0
A13: 3035219 | B13: Le Chat LS BAG 2.5kg PROMO | C13: 4 | D13: 695 | F13: =C13*D13*E13 -> 0 | H13: 0.04 | I13: =+H13*F13 -> 0
A14: 3051094 | B14: Bref Moussant 1,75L | C14: 6 | D14: 226 | F14: =C14*D14*E14 -> 0 | H14: 0.04 | I14: =+H14*F14 -> 0
A15: 2823409 | B15: ISIS HS POWDER SDM 300GR LIMITLESS | C15: 25 | D15: 90 | F15: =C15*D15*E15 -> 0 | H15: 0.06 | I15: =+H15*F15 -> 0
A16: 3072722 | B16: BREF Trigger multi-surface 490ml | C16: 12 | D16: 221 | F16: =C16*D16*E16 -> 0 | I16: =+H16*F16 -> 0
A17: 3022693 | B17: Pril ISIS Cold Power 3L Promo | C17: 4 | D17: 595 | F17: =C17*D17*E17 -> 0 | I17: =+H17*F17 -> 0
A18: 2875891 | B18: ISIS HS 300g LEMON LIMITLESS | C18: 25 | D18: 90 | F18: =C18*D18*E18 -> 0 | H18: 0.06 | I18: =+H18*F18 -> 0
A19: 2875892 | B19: ISIS HS 750g LEMON LIMITLESS | C19: 12 | D19: 213 | F19: =C19*D19*E19 -> 0 | H19: 0.06 | I19: =+H19*F19 -> 0
A20: 2875893 | B20: ISIS HS 1,5Kg LEMON LIMITLESS | C20: 8 | D20: 417 | F20: =C20*D20*E20 -> 0 | H20: 0.06 | I20: =+H20*F20 -> 0
A21: 2910278 | B21: Nettoyant Moussant Javelisé 900ml | C21: 12 | D21: 123.5 | F21: =C21*D21*E21 -> 0 | H21: 0.04 | I21: =+H21*F21 -> 0
A22: 2943549 | B22: Pril ISIS Antibactérien 650ML Lemon | C22: 12 | D22: 168 | F22: =C22*D22*E22 -> 0 | I22: =+H22*F22 -> 0
A23: 2951994 | B23: Le Chat Rose 2,5L ADV23 | C23: 4 | D23: 810 | F23: =C23*D23*E23 -> 0 | H23: 0.06 | I23: =+H23*F23 -> 0
A24: 2952074 | B24: Le Chat Regular 2,5L ADV23 | C24: 4 | D24: 810 | F24: =C24*D24*E24 -> 0 | H24: 0.06 | I24: =+H24*F24 -> 0
A25: 2952081 | B25: Le Chat SDM 2,5L ADV23 | C25: 4 | D25: 810 | F25: =C25*D25*E25 -> 0 | H25: 0.06 | I25: =+H25*F25 -> 0
A26: 2952089 | B26: Le Chat Regular 1L ADV23 | C26: 10 | D26: 377 | F26: =C26*D26*E26 -> 0 | H26: 0.06 | I26: =+H26*F26 -> 0
A27: 2952090 | B27: Le Chat Rose 1L ADV23 | C27: 10 | D27: 377 | F27: =C27*D27*E27 -> 0 | H27: 0.06 | I27: =+H27*F27 -> 0
A28: 3035242 | B28: Le chat HDLD 4L ADV 23 non promo | C28: 3 | D28: 1145 | F28: =C28*D28*E28 -> 0 | H28: 0.06 | I28: =+H28*F28 -> 0
A29: 2958928 | B29: Le Chat 2,5kg bag ADV23 | C29: 4 | D29: 792 | F29: =C29*D29*E29 -> 0 | H29: 0.04 | I29: =+H29*F29 -> 0
A30: 2958931 | B30: Le Chat HS Gel 1L ADV23 | C30: 10 | D30: 331 | F30: =C30*D30*E30 -> 0 | H30: 0.04 | I30: =+H30*F30 -> 0
A31: 2958932 | B31: Le Chat HS 300gr ADV23 | C31: 25 | D31: 100 | F31: =C31*D31*E31 -> 0 | H31: 0.04 | I31: =+H31*F31 -> 0
A32: 2958933 | B32: Le Chat HS 750gr ADV23 | C32: 12 | D32: 233 | F32: =C32*D32*E32 -> 0 | H32: 0.04 | I32: =+H32*F32 -> 0
A33: 2970224 | B33: Pril Isis ultra power 1.25L | C33: 12 | D33: 284 | F33: =C33*D33*E33 -> 0 | I33: =+H33*F33 -> 0
A34: 2970482 | B34: Pril Isis ultra power 650ml | C34: 12 | D34: 168 | F34: =C34*D34*E34 -> 0 | I34: =+H34*F34 -> 0
A35: 2975112 | B35: Pril Isis ultra power 3 L | C35: 4 | D35: 664 | F35: =C35*D35*E35 -> 0 | I35: =+H35*F35 -> 0
A36: 2993253 | B36: Bref Triggers Cuisine 500ml | C36: 10 | D36: 221 | F36: =C36*D36*E36 -> 0 | I36: =+H36*F36 -> 0
A37: 2993256 | B37: ISIS Gold 5en1 300g | C37: 25 | D37: 90 | F37: =C37*D37*E37 -> 0 | H37: 0.06 | I37: =+H37*F37 -> 0
A38: 3002104 | B38: ISIS LS bag 2.5kg Lemon | C38: 4 | D38: 723 | F38: =C38*D38*E38 -> 0 | H38: 0.04 | I38: =+H38*F38 -> 0
A39: 3004676 | B39: ISIS gel machine universel 2.5L | C39: 4 | D39: 510 | F39: =C39*D39*E39 -> 0 | H39: 0.04 | I39: =+H39*F39 -> 0
A40: 3004679 | B40: ISIS gel machine universal 900ml | C40: 10 | D40: 265 | F40: =C40*D40*E40 -> 0 | H40: 0.04 | I40: =+H40*F40 -> 0
A41: 3011702 | B41: Bref javel pure power 900mL-DZ | C41: 12 | D41: 86 | F41: =C41*D41*E41 -> 0 | H41: 0.04 | I41: =+H41*F41 -> 0
A42: 3013691 | B42: Bref javel regular pure power 1,75L | C42: 6 | D42: 154 | F42: =C42*D42*E42 -> 0 | H42: 0.04 | I42: =+H42*F42 -> 0
A43: 3013692 | B43: Pril ISIS antibactérien 1.25L | C43: 12 | D43: 284 | F43: =C43*D43*E43 -> 0 | I43: =+H43*F43 -> 0
A44: 3014424 | B44: Le Chat Premium 1L LS GEL | C44: 10 | D44: 426 | F44: =C44*D44*E44 -> 0 | I44: =+H44*F44 -> 0
A45: 3019788 | B45: Pril isis antibac 1250ml promo | C45: 12 | D45: 267 | F45: =C45*D45*E45 -> 0 | I45: =+H45*F45 -> 0
A46: 3019789 | B46: Pril isis ultra power 1250ml promo | C46: 12 | D46: 267 | F46: =C46*D46*E46 -> 0 | I46: =+H46*F46 -> 0
A47: 3019821 | B47: Pril isis ultrapower 650ml promo | C47: 12 | D47: 156 | F47: =C47*D47*E47 -> 0 | I47: =+H47*F47 -> 0
A48: 3019822 | B48: Pril isis antibac 650ml promo | C48: 12 | D48: 156 | F48: =C48*D48*E48 -> 0 | I48: =+H48*F48 -> 0
A49: 3023685 | B49: Isis Bouquet 950ml Blan jasmin | C49: 12 | D49: 151 | F49: =C49*D49*E49 -> 0 | H49: 0.06 | I49: =+H49*F49 -> 0
A50: 3023684 | B50: isis Bouquet 950ml Rose | C50: 12 | D50: 151 | F50: =C50*D50*E50 -> 0 | H50: 0.06 | I50: =+H50*F50 -> 0
A51: 3021473 | B51: isis Bouquet 950ml Lavande | C51: 12 | D51: 151 | F51: =C51*D51*E51 -> 0 | H51: 0.06 | I51: =+H51*F51 -> 0
A52: 3030417 | B52: ISIS GOLD 5 en 1 HS 750g | C52: 12 | D52: 213 | F52: =C52*D52*E52 -> 0 | H52: 0.06 | I52: =+H52*F52 -> 0
A53: 3030426 | B53: Le Chat HS 1,5 KG ADV23 | C53: 8 | D53: 415 | F53: =C53*D53*E53 -> 0 | H53: 0.04 | I53: =+H53*F53 -> 0
A54: 3030254 | B54: ISIS Machine 2.5 kg Bag Promo Price OFF | C54: 4 | D54: 605 | F54: =C54*D54*E54 -> 0 | H54: 0.04 | I54: =+H54*F54 -> 0
A55: 3075606 | B55: Pril isis 650ml limited edition | C55: 12 | D55: 168 | F55: =C55*D55*E55 -> 0 | I55: =+H55*F55 -> 0
A56: 3051115 | B56: Le Chat HS Rose 750gr ADV23 | C56: 12 | D56: 233 | F56: =C56*D56*E56 -> 0 | H56: 0.04 | I56: =+H56*F56 -> 0
A57: 3051116 | B57: Le Chat HS Rose 300gr ADV23 | C57: 25 | D57: 100 | F57: =C57*D57*E57 -> 0 | H57: 0.04 | I57: =+H57*F57 -> 0
A58: 3020036 | B58: Promo Le Chat Liquide Machine 2.5L SDM | C58: 4 | D58: 725 | F58: =C58*D58*E58 -> 0 | H58: 0.06 | I58: =+H58*F58 -> 0
A59: 3020066 | B59: Promo Le Chat Liquide Machine 2.5L Rose | C59: 4 | D59: 725 | F59: =C59*D59*E59 -> 0 | H59: 0.06 | I59: =+H59*F59 -> 0
A60: 3021054 | B60: Le Chat Liquide Machine 2.5L (PROMO) | C60: 4 | D60: 725 | F60: =C60*D60*E60 -> 0 | H60: 0.06 | I60: =+H60*F60 -> 0
A61: 3091334 | B61: ISIS GOLD Machine Liquide 2.5L Lavander | C61: 4 | D61: 510 | F61: =C61*D61*E61 -> 0 | H61: 0.04 | I61: =+H61*F61 -> 0
A62: 3026745 | B62: Gliss Ultimate Repair 250ml | C62: 12 | D62: 378.5 | F62: =C62*D62*E62 -> 0 | H62: 0.04 | I62: =+H62*F62 -> 0
A63: 3026747 | B63: Gliss Aqua Revive 250ml | C63: 12 | D63: 378.5 | F63: =C63*D63*E63 -> 0 | H63: 0.04 | I63: =+H63*F63 -> 0
A64: 3026748 | B64: Gliss Oil Nutritive 250ml | C64: 12 | D64: 378.5 | F64: =C64*D64*E64 -> 0 | H64: 0.04 | I64: =+H64*F64 -> 0
A65: 3026746 | B65: Gliss Supreme Length 250ml | C65: 12 | D65: 378.5 | F65: =C65*D65*E65 -> 0 | H65: 0.04 | I65: =+H65*F65 -> 0
A66: 3026749 | B66: Gliss Aqua Revive 200ml | C66: 6 | D66: 379 | F66: =C66*D66*E66 -> 0 | H66: 0.04 | I66: =+H66*F66 -> 0
A67: 3026771 | B67: Gliss Oil Nutritive 200ml | C67: 6 | D67: 379 | F67: =C67*D67*E67 -> 0 | H67: 0.04 | I67: =+H67*F67 -> 0
... A72: 1250003 | B72: Le Chat Liquide Machine 2.5L Rose - Including TPR | C72: 4 | D72: 725 | F72: =C72*D72*E72 -> 0 | H72: 0.06 | I72: =+H72*F72 -> 0
A73: 3072880 | B73: Pril isis 1,25L l limited edition | C73: 12 | D73: 284 | F73: =C73*D73*E73 -> 0 | I73: =+H73*F73 -> 0
B74: TOTAL CARTONS | D74: =SUM(E14:E73) -> 0 | E74: TTC | F74: =SUM(F12:F73) -> 0 | G74: =SUM(G12:G73) -> 0 | I74: =SUM(I12:I73) -> 0
E75: REMISE | F75: =+I74 -> 0
E76: NET | F76: =+F74-F75 -> 0

Sheet 3
A1: SARL ANDROMEDE DISTRIBUTION
A2: CITE CHAABIA LOT 16 SECTION 02 BIR TOUTA, ALGER.
A3: R-C : 16/00-1010272 B15 I-F : 001516101027219 ART : 16360128161 N° TEL : 0555048930
A5: BON DE LIVRAISON
A7: CLIENT :
A8: ADRESSE :
A9: DATE : | B9: =+'BON DE PREPARATION'!B9 -> 08 07 2023 | D9: LIVREUR :
A11: Code IDH | B11: PRODUITS | C11: Qté/Crt | D11: P.U. | E11: Qté. Vendu | F11: Montant TTC | G11: REMISE SALES BUZZ | H11: % REMISE | I11: REMISE
A12: 2682282 | B12: Le Chat Premium RL 2.5L | C12: 4 | D12: 995 | F12: =C12*D12*E12 -> 0 | H12: 0.06 | I12: =+H12*F12 -> 0
A13: 3035219 | B13: Le Chat LS BAG 2.5kg PROMO | C13: 4 | D13: 695 | F13: =C13*D13*E13 -> 0 | H13: 0.04 | I13: =+H13*F13 -> 0
A14: 3051094 | B14: Bref Moussant 1,75L | C14: 6 | D14: 226 | F14: =C14*D14*E14 -> 0 | H14: 0.04 | I14: =+H14*F14 -> 0
A15: 2823409 | B15: ISIS HS POWDER SDM 300GR LIMITLESS | C15: 25 | D15: 90 | F15: =C15*D15*E15 -> 0 | H15: 0.06 | I15: =+H15*F15 -> 0
A16: 3072722 | B16: BREF Trigger multi-surface 490ml | C16: 12 | D16: 221 | F16: =C16*D16*E16 -> 0 | I16: =+H16*F16 -> 0
A17: 3022693 | B17: Pril ISIS Cold Power 3L Promo | C17: 4 | D17: 595 | F17: =C17*D17*E17 -> 0 | I17: =+H17*F17 -> 0
A18: 2875891 | B18: ISIS HS 300g LEMON LIMITLESS | C18: 25 | D18: 90 | F18: =C18*D18*E18 -> 0 | H18: 0.06 | I18: =+H18*F18 -> 0
A19: 2875892 | B19: ISIS HS 750g LEMON LIMITLESS | C19: 12 | D19: 213 | F19: =C19*D19*E19 -> 0 | H19: 0.06 | I19: =+H19*F19 -> 0
A20: 2875893 | B20: ISIS HS 1,5Kg LEMON LIMITLESS | C20: 8 | D20: 417 | F20: =C20*D20*E20 -> 0 | H20: 0.06 | I20: =+H20*F20 -> 0
A21: 2910278 | B21: Nettoyant Moussant Javelisé 900ml | C21: 12 | D21: 123.5 | F21: =C21*D21*E21 -> 0 | H21: 0.04 | I21: =+H21*F21 -> 0
A22: 2943549 | B22: Pril ISIS Antibactérien 650ML Lemon | C22: 12 | D22: 168 | F22: =C22*D22*E22 -> 0 | I22: =+H22*F22 -> 0
A23: 2951994 | B23: Le Chat Rose 2,5L ADV23 | C23: 4 | D23: 810 | F23: =C23*D23*E23 -> 0 | H23: 0.06 | I23: =+H23*F23 -> 0
A24: 2952074 | B24: Le Chat Regular 2,5L ADV23 | C24: 4 | D24: 810 | F24: =C24*D24*E24 -> 0 | H24: 0.06 | I24: =+H24*F24 -> 0
A25: 2952081 | B25: Le Chat SDM 2,5L ADV23 | C25: 4 | D25: 810 | F25: =C25*D25*E25 -> 0 | H25: 0.06 | I25: =+H25*F25 -> 0
A26: 2952089 | B26: Le Chat Regular 1L ADV23 | C26: 10 | D26: 377 | F26: =C26*D26*E26 -> 0 | H26: 0.06 | I26: =+H26*F26 -> 0
A27: 2952090 | B27: Le Chat Rose 1L ADV23 | C27: 10 | D27: 377 | F27: =C27*D27*E27 -> 0 | H27: 0.06 | I27: =+H27*F27 -> 0
A28: 3035242 | B28: Le chat HDLD 4L ADV 23 non promo | C28: 3 | D28: 1145 | F28: =C28*D28*E28 -> 0 | H28: 0.06 | I28: =+H28*F28 -> 0
A29: 2958928 | B29: Le Chat 2,5kg bag ADV23 | C29: 4 | D29: 792 | F29: =C29*D29*E29 -> 0 | H29: 0.04 | I29: =+H29*F29 -> 0
A30: 2958931 | B30: Le Chat HS Gel 1L ADV23 | C30: 10 | D30: 331 | F30: =C30*D30*E30 -> 0 | H30: 0.04 | I30: =+H30*F30 -> 0
A31: 2958932 | B31: Le Chat HS 300gr ADV23 | C31: 25 | D31: 100 | F31: =C31*D31*E31 -> 0 | H31: 0.04 | I31: =+H31*F31 -> 0
A32: 2958933 | B32: Le Chat HS 750gr ADV23 | C32: 12 | D32: 233 | F32: =C32*D32*E32 -> 0 | H32: 0.04 | I32: =+H32*F32 -> 0
A33: 2970224 | B33: Pril Isis ultra power 1.25L | C33: 12 | D33: 284 | F33: =C33*D33*E33 -> 0 | I33: =+H33*F33 -> 0
A34: 2970482 | B34: Pril Isis ultra power 650ml | C34: 12 | D34: 168 | F34: =C34*D34*E34 -> 0 | I34: =+H34*F34 -> 0
A35: 2975112 | B35: Pril Isis ultra power 3 L | C35: 4 | D35: 664 | F35: =C35*D35*E35 -> 0 | I35: =+H35*F35 -> 0
A36: 2993253 | B36: Bref Triggers Cuisine 500ml | C36: 10 | D36: 221 | F36: =C36*D36*E36 -> 0 | I36: =+H36*F36 -> 0
A37: 2993256 | B37: ISIS Gold 5en1 300g | C37: 25 | D37: 90 | F37: =C37*D37*E37 -> 0 | H37: 0.06 | I37: =+H37*F37 -> 0
A38: 3002104 | B38: ISIS LS bag 2.5kg Lemon | C38: 4 | D38: 723 | F38: =C38*D38*E38 -> 0 | H38: 0.04 | I38: =+H38*F38 -> 0
A39: 3004676 | B39: ISIS gel machine universel 2.5L | C39: 4 | D39: 510 | F39: =C39*D39*E39 -> 0 | H39: 0.04 | I39: =+H39*F39 -> 0
A40: 3004679 | B40: ISIS gel machine universal 900ml | C40: 10 | D40: 265 | F40: =C40*D40*E40 -> 0 | H40: 0.04 | I40: =+H40*F40 -> 0
A41: 3011702 | B41: Bref javel pure power 900mL-DZ | C41: 12 | D41: 86 | F41: =C41*D41*E41 -> 0 | H41: 0.04 | I41: =+H41*F41 -> 0
A42: 3013691 | B42: Bref javel regular pure power 1,75L | C42: 6 | D42: 154 | F42: =C42*D42*E42 -> 0 | H42: 0.04 | I42: =+H42*F42 -> 0
A43: 3013692 | B43: Pril ISIS antibactérien 1.25L | C43: 12 | D43: 284 | F43: =C43*D43*E43 -> 0 | I43: =+H43*F43 -> 0
A44: 3014424 | B44: Le Chat Premium 1L LS GEL | C44: 10 | D44: 426 | F44: =C44*D44*E44 -> 0 | I44: =+H44*F44 -> 0
A45: 3019788 | B45: Pril isis antibac 1250ml promo | C45: 12 | D45: 267 | F45: =C45*D45*E45 -> 0 | I45: =+H45*F45 -> 0
A46: 3019789 | B46: Pril isis ultra power 1250ml promo | C46: 12 | D46: 267 | F46: =C46*D46*E46 -> 0 | I46: =+H46*F46 -> 0
A47: 3019821 | B47: Pril isis ultrapower 650ml promo | C47: 12 | D47: 156 | F47: =C47*D47*E47 -> 0 | I47: =+H47*F47 -> 0
A48: 3019822 | B48: Pril isis antibac 650ml promo | C48: 12 | D48: 156 | F48: =C48*D48*E48 -> 0 | I48: =+H48*F48 -> 0
A49: 3023685 | B49: Isis Bouquet 950ml Blan jasmin | C49: 12 | D49: 151 | F49: =C49*D49*E49 -> 0 | H49: 0.06 | I49: =+H49*F49 -> 0
A50: 3023684 | B50: isis Bouquet 950ml Rose | C50: 12 | D50: 151 | F50: =C50*D50*E50 -> 0 | H50: 0.06 | I50: =+H50*F50 -> 0
A51: 3021473 | B51: isis Bouquet 950ml Lavande | C51: 12 | D51: 151 | F51: =C51*D51*E51 -> 0 | H51: 0.06 | I51: =+H51*F51 -> 0
A52: 3030417 | B52: ISIS GOLD 5 en 1 HS 750g | C52: 12 | D52: 213 | F52: =C52*D52*E52 -> 0 | H52: 0.06 | I52: =+H52*F52 -> 0
A53: 3030426 | B53: Le Chat HS 1,5 KG ADV23 | C53: 8 | D53: 415 | F53: =C53*D53*E53 -> 0 | H53: 0.04 | I53: =+H53*F53 -> 0
A54: 3030254 | B54: ISIS Machine 2.5 kg Bag Promo Price OFF | C54: 4 | D54: 605 | F54: =C54*D54*E54 -> 0 | H54: 0.04 | I54: =+H54*F54 -> 0
A55: 3075606 | B55: Pril isis 650ml limited edition | C55: 12 | D55: 168 | F55: =C55*D55*E55 -> 0 | I55: =+H55*F55 -> 0
A56: 3051115 | B56: Le Chat HS Rose 750gr ADV23 | C56: 12 | D56: 233 | F56: =C56*D56*E56 -> 0 | H56: 0.04 | I56: =+H56*F56 -> 0
A57: 3051116 | B57: Le Chat HS Rose 300gr ADV23 | C57: 25 | D57: 100 | F57: =C57*D57*E57 -> 0 | H57: 0.04 | I57: =+H57*F57 -> 0
A58: 3020036 | B58: Promo Le Chat Liquide Machine 2.5L SDM | C58: 4 | D58: 725 | F58: =C58*D58*E58 -> 0 | H58: 0.06 | I58: =+H58*F58 -> 0
A59: 3020066 | B59: Promo Le Chat Liquide Machine 2.5L Rose | C59: 4 | D59: 725 | F59: =C59*D59*E59 -> 0 | H59: 0.06 | I59: =+H59*F59 -> 0
A60: 3021054 | B60: Le Chat Liquide Machine 2.5L (PROMO) | C60: 4 | D60: 725 | F60: =C60*D60*E60 -> 0 | H60: 0.06 | I60: =+H60*F60 -> 0
A61: 3091334 | B61: ISIS GOLD Machine Liquide 2.5L Lavander | C61: 4 | D61: 510 | F61: =C61*D61*E61 -> 0 | H61: 0.04 | I61: =+H61*F61 -> 0
A62: 3026745 | B62: Gliss Ultimate Repair 250ml | C62: 12 | D62: 378.5 | F62: =C62*D62*E62 -> 0 | H62: 0.04 | I62: =+H62*F62 -> 0
A63: 3026747 | B63: Gliss Aqua Revive 250ml | C63: 12 | D63: 378.5 | F63: =C63*D63*E63 -> 0 | H63: 0.04 | I63: =+H63*F63 -> 0
A64: 3026748 | B64: Gliss Oil Nutritive 250ml | C64: 12 | D64: 378.5 | F64: =C64*D64*E64 -> 0 | H64: 0.04 | I64: =+H64*F64 -> 0
A65: 3026746 | B65: Gliss Supreme Length 250ml | C65: 12 | D65: 378.5 | F65: =C65*D65*E65 -> 0 | H65: 0.04 | I65: =+H65*F65 -> 0
A66: 3026749 | B66: Gliss Aqua Revive 200ml | C66: 6 | D66: 379 | F66: =C66*D66*E66 -> 0 | H66: 0.04 | I66: =+H66*F66 -> 0
A67: 3026771 | B67: Gliss Oil Nutritive 200ml | C67: 6 | D67: 379 | F67: =C67*D67*E67 -> 0 | H67: 0.04 | I67: =+H67*F67 -> 0
... A72: 1250003 | B72: Le Chat Liquide Machine 2.5L Rose - Including TPR | C72: 4 | D72: 725 | F72: =C72*D72*E72 -> 0 | H72: 0.06 | I72: =+H72*F72 -> 0
A73: 3072880 | B73: Pril isis 1,25L l limited edition | C73: 12 | D73: 284 | F73: =C73*D73*E73 -> 0 | I73: =+H73*F73 -> 0
B74: TOTAL CARTONS | D74: =SUM(E14:E73) -> 0 | E74: TTC | F74: =SUM(F12:F73) -> 0 | G74: =SUM(G12:G73) -> 0 | I74: =SUM(I12:I73) -> 0
E75: REMISE | F75: =+I74 -> 0
E76: NET | F76: =+F74-F75 -> 0

Sheet 4
A1: SARL ANDROMEDE DISTRIBUTION
A2: CITE CHAABIA LOT 16 SECTION 02 BIR TOUTA, ALGER.
A3: R-C : 16/00-1010272 B15 I-F : 001516101027219 ART : 16360128161 N° TEL : 0555048930
A5: BON DE LIVRAISON
A7: CLIENT :
A8: ADRESSE :
A9: DATE : | B9: =+'BON DE PREPARATION'!B9 -> 08 07 2023 | D9: LIVREUR :
A11: Code IDH | B11: PRODUITS | C11: Qté/Crt | D11: P.U. | E11: Qté. Vendu | F11: Montant TTC | G11: REMISE SALES BUZZ | H11: % REMISE | I11: REMISE
A12: 2682282 | B12: Le Chat Premium RL 2.5L | C12: 4 | D12: 995 | F12: =C12*D12*E12 -> 0 | H12: 0.06 | I12: =+H12*F12 -> 0
A13: 3035219 | B13: Le Chat LS BAG 2.5kg PROMO | C13: 4 | D13: 695 | F13: =C13*D13*E13 -> 0 | H13: 0.04 | I13: =+H13*F13 -> 0
A14: 3051094 | B14: Bref Moussant 1,75L | C14: 6 | D14: 226 | F14: =C14*D14*E14 -> 0 | H14: 0.04 | I14: =+H14*F14 -> 0
A15: 2823409 | B15: ISIS HS POWDER SDM 300GR LIMITLESS | C15: 25 | D15: 90 | F15: =C15*D15*E15 -> 0 | H15: 0.06 | I15: =+H15*F15 -> 0
A16: 3072722 | B16: BREF Trigger multi-surface 490ml | C16: 12 | D16: 221 | F16: =C16*D16*E16 -> 0 | I16: =+H16*F16 -> 0
A17: 3022693 | B17: Pril ISIS Cold Power 3L Promo | C17: 4 | D17: 595 | F17: =C17*D17*E17 -> 0 | I17: =+H17*F17 -> 0
A18: 2875891 | B18: ISIS HS 300g LEMON LIMITLESS | C18: 25 | D18: 90 | F18: =C18*D18*E18 -> 0 | H18: 0.06 | I18: =+H18*F18 -> 0
A19: 2875892 | B19: ISIS HS 750g LEMON LIMITLESS | C19: 12 | D19: 213 | F19: =C19*D19*E19 -> 0 | H19: 0.06 | I19: =+H19*F19 -> 0
A20: 2875893 | B20: ISIS HS 1,5Kg LEMON LIMITLESS | C20: 8 | D20: 417 | F20: =C20*D20*E20 -> 0 | H20: 0.06 | I20: =+H20*F20 -> 0
A21: 2910278 | B21: Nettoyant Moussant Javelisé 900ml | C21: 12 | D21: 123.5 | F21: =C21*D21*E21 -> 0 | H21: 0.04 | I21: =+H21*F21 -> 0
A22: 2943549 | B22: Pril ISIS Antibactérien 650ML Lemon | C22: 12 | D22: 168 | F22: =C22*D22*E22 -> 0 | I22: =+H22*F22 -> 0
A23: 2951994 | B23: Le Chat Rose 2,5L ADV23 | C23: 4 | D23: 810 | F23: =C23*D23*E23 -> 0 | H23: 0.06 | I23: =+H23*F23 -> 0
A24: 2952074 | B24: Le Chat Regular 2,5L ADV23 | C24: 4 | D24: 810 | F24: =C24*D24*E24 -> 0 | H24: 0.06 | I24: =+H24*F24 -> 0
A25: 2952081 | B25: Le Chat SDM 2,5L ADV23 | C25: 4 | D25: 810 | F25: =C25*D25*E25 -> 0 | H25: 0.06 | I25: =+H25*F25 -> 0
A26: 2952089 | B26: Le Chat Regular 1L ADV23 | C26: 10 | D26: 377 | F26: =C26*D26*E26 -> 0 | H26: 0.06 | I26: =+H26*F26 -> 0
A27: 2952090 | B27: Le Chat Rose 1L ADV23 | C27: 10 | D27: 377 | F27: =C27*D27*E27 -> 0 | H27: 0.06 | I27: =+H27*F27 -> 0
A28: 3035242 | B28: Le chat HDLD 4L ADV 23 non promo | C28: 3 | D28: 1145 | F28: =C28*D28*E28 -> 0 | H28: 0.06 | I28: =+H28*F28 -> 0
A29: 2958928 | B29: Le Chat 2,5kg bag ADV23 | C29: 4 | D29: 792 | F29: =C29*D29*E29 -> 0 | H29: 0.04 | I29: =+H29*F29 -> 0
A30: 2958931 | B30: Le Chat HS Gel 1L ADV23 | C30: 10 | D30: 331 | F30: =C30*D30*E30 -> 0 | H30: 0.04 | I30: =+H30*F30 -> 0
A31: 2958932 | B31: Le Chat HS 300gr ADV23 | C31: 25 | D31: 100 | F31: =C31*D31*E31 -> 0 | H31: 0.04 | I31: =+H31*F31 -> 0
A32: 2958933 | B32: Le Chat HS 750gr ADV23 | C32: 12 | D32: 233 | F32: =C32*D32*E32 -> 0 | H32: 0.04 | I32: =+H32*F32 -> 0
A33: 2970224 | B33: Pril Isis ultra power 1.25L | C33: 12 | D33: 284 | F33: =C33*D33*E33 -> 0 | I33: =+H33*F33 -> 0
A34: 2970482 | B34: Pril Isis ultra power 650ml | C34: 12 | D34: 168 | F34: =C34*D34*E34 -> 0 | I34: =+H34*F34 -> 0
A35: 2975112 | B35: Pril Isis ultra power 3 L | C35: 4 | D35: 664 | F35: =C35*D35*E35 -> 0 | I35: =+H35*F35 -> 0
A36: 2993253 | B36: Bref Triggers Cuisine 500ml | C36: 10 | D36: 221 | F36: =C36*D36*E36 -> 0 | I36: =+H36*F36 -> 0
A37: 2993256 | B37: ISIS Gold 5en1 300g | C37: 25 | D37: 90 | F37: =C37*D37*E37 -> 0 | H37: 0.06 | I37: =+H37*F37 -> 0
A38: 3002104 | B38: ISIS LS bag 2.5kg Lemon | C38: 4 | D38: 723 | F38: =C38*D38*E38 -> 0 | H38: 0.04 | I38: =+H38*F38 -> 0
A39: 3004676 | B39: ISIS gel machine universel 2.5L | C39: 4 | D39: 510 | F39: =C39*D39*E39 -> 0 | H39: 0.04 | I39: =+H39*F39 -> 0
A40: 3004679 | B40: ISIS gel machine universal 900ml | C40: 10 | D40: 265 | F40: =C40*D40*E40 -> 0 | H40: 0.04 | I40: =+H40*F40 -> 0
A41: 3011702 | B41: Bref javel pure power 900mL-DZ | C41: 12 | D41: 86 | F41: =C41*D41*E41 -> 0 | H41: 0.04 | I41: =+H41*F41 -> 0
A42: 3013691 | B42: Bref javel regular pure power 1,75L | C42: 6 | D42: 154 | F42: =C42*D42*E42 -> 0 | H42: 0.04 | I42: =+H42*F42 -> 0
A43: 3013692 | B43: Pril ISIS antibactérien 1.25L | C43: 12 | D43: 284 | F43: =C43*D43*E43 -> 0 | I43: =+H43*F43 -> 0
A44: 3014424 | B44: Le Chat Premium 1L LS GEL | C44: 10 | D44: 426 | F44: =C44*D44*E44 -> 0 | I44: =+H44*F44 -> 0
A45: 3019788 | B45: Pril isis antibac 1250ml promo | C45: 12 | D45: 267 | F45: =C45*D45*E45 -> 0 | I45: =+H45*F45 -> 0
A46: 3019789 | B46: Pril isis ultra power 1250ml promo | C46: 12 | D46: 267 | F46: =C46*D46*E46 -> 0 | I46: =+H46*F46 -> 0
A47: 3019821 | B47: Pril isis ultrapower 650ml promo | C47: 12 | D47: 156 | F47: =C47*D47*E47 -> 0 | I47: =+H47*F47 -> 0
A48: 3019822 | B48: Pril isis antibac 650ml promo | C48: 12 | D48: 156 | F48: =C48*D48*E48 -> 0 | I48: =+H48*F48 -> 0
A49: 3023685 | B49: Isis Bouquet 950ml Blan jasmin | C49: 12 | D49: 151 | F49: =C49*D49*E49 -> 0 | H49: 0.06 | I49: =+H49*F49 -> 0
A50: 3023684 | B50: isis Bouquet 950ml Rose | C50: 12 | D50: 151 | F50: =C50*D50*E50 -> 0 | H50: 0.06 | I50: =+H50*F50 -> 0
A51: 3021473 | B51: isis Bouquet 950ml Lavande | C51: 12 | D51: 151 | F51: =C51*D51*E51 -> 0 | H51: 0.06 | I51: =+H51*F51 -> 0
A52: 3030417 | B52: ISIS GOLD 5 en 1 HS 750g | C52: 12 | D52: 213 | F52: =C52*D52*E52 -> 0 | H52: 0.06 | I52: =+H52*F52 -> 0
A53: 3030426 | B53: Le Chat HS 1,5 KG ADV23 | C53: 8 | D53: 415 | F53: =C53*D53*E53 -> 0 | H53: 0.04 | I53: =+H53*F53 -> 0
A54: 3030254 | B54: ISIS Machine 2.5 kg Bag Promo Price OFF | C54: 4 | D54: 605 | F54: =C54*D54*E54 -> 0 | H54: 0.04 | I54: =+H54*F54 -> 0
A55: 3075606 | B55: Pril isis 650ml limited edition | C55: 12 | D55: 168 | F55: =C55*D55*E55 -> 0 | I55: =+H55*F55 -> 0
A56: 3051115 | B56: Le Chat HS Rose 750gr ADV23 | C56: 12 | D56: 233 | F56: =C56*D56*E56 -> 0 | H56: 0.04 | I56: =+H56*F56 -> 0
A57: 3051116 | B57: Le Chat HS Rose 300gr ADV23 | C57: 25 | D57: 100 | F57: =C57*D57*E57 -> 0 | H57: 0.04 | I57: =+H57*F57 -> 0
A58: 3020036 | B58: Promo Le Chat Liquide Machine 2.5L SDM | C58: 4 | D58: 725 | F58: =C58*D58*E58 -> 0 | H58: 0.06 | I58: =+H58*F58 -> 0
A59: 3020066 | B59: Promo Le Chat Liquide Machine 2.5L Rose | C59: 4 | D59: 725 | F59: =C59*D59*E59 -> 0 | H59: 0.06 | I59: =+H59*F59 -> 0
A60: 3021054 | B60: Le Chat Liquide Machine 2.5L (PROMO) | C60: 4 | D60: 725 | F60: =C60*D60*E60 -> 0 | H60: 0.06 | I60: =+H60*F60 -> 0
A61: 3091334 | B61: ISIS GOLD Machine Liquide 2.5L Lavander | C61: 4 | D61: 510 | F61: =C61*D61*E61 -> 0 | H61: 0.04 | I61: =+H61*F61 -> 0
A62: 3026745 | B62: Gliss Ultimate Repair 250ml | C62: 12 | D62: 378.5 | F62: =C62*D62*E62 -> 0 | H62: 0.04 | I62: =+H62*F62 -> 0
A63: 3026747 | B63: Gliss Aqua Revive 250ml | C63: 12 | D63: 378.5 | F63: =C63*D63*E63 -> 0 | H63: 0.04 | I63: =+H63*F63 -> 0
A64: 3026748 | B64: Gliss Oil Nutritive 250ml | C64: 12 | D64: 378.5 | F64: =C64*D64*E64 -> 0 | H64: 0.04 | I64: =+H64*F64 -> 0
A65: 3026746 | B65: Gliss Supreme Length 250ml | C65: 12 | D65: 378.5 | F65: =C65*D65*E65 -> 0 | H65: 0.04 | I65: =+H65*F65 -> 0
A66: 3026749 | B66: Gliss Aqua Revive 200ml | C66: 6 | D66: 379 | F66: =C66*D66*E66 -> 0 | H66: 0.04 | I66: =+H66*F66 -> 0
A67: 3026771 | B67: Gliss Oil Nutritive 200ml | C67: 6 | D67: 379 | F67: =C67*D67*E67 -> 0 | H67: 0.04 | I67: =+H67*F67 -> 0
... A72: 1250003 | B72: Le Chat Liquide Machine 2.5L Rose - Including TPR | C72: 4 | D72: 725 | F72: =C72*D72*E72 -> 0 | H72: 0.06 | I72: =+H72*F72 -> 0
A73: 3072880 | B73: Pril isis 1,25L l limited edition | C73: 12 | D73: 284 | F73: =C73*D73*E73 -> 0 | I73: =+H73*F73 -> 0
B74: TOTAL CARTONS | D74: =SUM(E14:E73) -> 0 | E74: TTC | F74: =SUM(F12:F73) -> 0 | G74: =SUM(G12:G73) -> 0 | I74: =SUM(I12:I73) -> 0
E75: REMISE | F75: =+I74 -> 0
E76: NET | F76: =+F74-F75 -> 0

Sheet 5
A1: SARL ANDROMEDE DISTRIBUTION
A2: CITE CHAABIA LOT 16 SECTION 02 BIR TOUTA, ALGER.
A3: R-C : 16/00-1010272 B15 I-F : 001516101027219 ART : 16360128161 N° TEL : 0555048930
A5: BON DE LIVRAISON
A7: CLIENT :
A8: ADRESSE :
A9: DATE : | B9: =+'BON DE PREPARATION'!B9 -> 08 07 2023 | D9: LIVREUR :
A11: Code IDH | B11: PRODUITS | C11: Qté/Crt | D11: P.U. | E11: Qté. Vendu | F11: Montant TTC | G11: REMISE SALES BUZZ | H11: % REMISE | I11: REMISE
A12: 2682282 | B12: Le Chat Premium RL 2.5L | C12: 4 | D12: 995 | F12: =C12*D12*E12 -> 0 | H12: 0.06 | I12: =+H12*F12 -> 0
A13: 3035219 | B13: Le Chat LS BAG 2.5kg PROMO | C13: 4 | D13: 695 | F13: =C13*D13*E13 -> 0 | H13: 0.04 | I13: =+H13*F13 -> 0
A14: 3051094 | B14: Bref Moussant 1,75L | C14: 6 | D14: 226 | F14: =C14*D14*E14 -> 0 | H14: 0.04 | I14: =+H14*F14 -> 0
A15: 2823409 | B15: ISIS HS POWDER SDM 300GR LIMITLESS | C15: 25 | D15: 90 | F15: =C15*D15*E15 -> 0 | H15: 0.06 | I15: =+H15*F15 -> 0
A16: 3072722 | B16: BREF Trigger multi-surface 490ml | C16: 12 | D16: 221 | F16: =C16*D16*E16 -> 0 | I16: =+H16*F16 -> 0
A17: 3022693 | B17: Pril ISIS Cold Power 3L Promo | C17: 4 | D17: 595 | F17: =C17*D17*E17 -> 0 | I17: =+H17*F17 -> 0
A18: 2875891 | B18: ISIS HS 300g LEMON LIMITLESS | C18: 25 | D18: 90 | F18: =C18*D18*E18 -> 0 | H18: 0.06 | I18: =+H18*F18 -> 0
A19: 2875892 | B19: ISIS HS 750g LEMON LIMITLESS | C19: 12 | D19: 213 | F19: =C19*D19*E19 -> 0 | H19: 0.06 | I19: =+H19*F19 -> 0
A20: 2875893 | B20: ISIS HS 1,5Kg LEMON LIMITLESS | C20: 8 | D20: 417 | F20: =C20*D20*E20 -> 0 | H20: 0.06 | I20: =+H20*F20 -> 0
A21: 2910278 | B21: Nettoyant Moussant Javelisé 900ml | C21: 12 | D21: 123.5 | F21: =C21*D21*E21 -> 0 | H21: 0.04 | I21: =+H21*F21 -> 0
A22: 2943549 | B22: Pril ISIS Antibactérien 650ML Lemon | C22: 12 | D22: 168 | F22: =C22*D22*E22 -> 0 | I22: =+H22*F22 -> 0
A23: 2951994 | B23: Le Chat Rose 2,5L ADV23 | C23: 4 | D23: 810 | F23: =C23*D23*E23 -> 0 | H23: 0.06 | I23: =+H23*F23 -> 0
A24: 2952074 | B24: Le Chat Regular 2,5L ADV23 | C24: 4 | D24: 810 | F24: =C24*D24*E24 -> 0 | H24: 0.06 | I24: =+H24*F24 -> 0
A25: 2952081 | B25: Le Chat SDM 2,5L ADV23 | C25: 4 | D25: 810 | F25: =C25*D25*E25 -> 0 | H25: 0.06 | I25: =+H25*F25 -> 0
A26: 2952089 | B26: Le Chat Regular 1L ADV23 | C26: 10 | D26: 377 | F26: =C26*D26*E26 -> 0 | H26: 0.06 | I26: =+H26*F26 -> 0
A27: 2952090 | B27: Le Chat Rose 1L ADV23 | C27: 10 | D27: 377 | F27: =C27*D27*E27 -> 0 | H27: 0.06 | I27: =+H27*F27 -> 0
A28: 3035242 | B28: Le chat HDLD 4L ADV 23 non promo | C28: 3 | D28: 1145 | F28: =C28*D28*E28 -> 0 | H28: 0.06 | I28: =+H28*F28 -> 0
A29: 2958928 | B29: Le Chat 2,5kg bag ADV23 | C29: 4 | D29: 792 | F29: =C29*D29*E29 -> 0 | H29: 0.04 | I29: =+H29*F29 -> 0
A30: 2958931 | B30: Le Chat HS Gel 1L ADV23 | C30: 10 | D30: 331 | F30: =C30*D30*E30 -> 0 | H30: 0.04 | I30: =+H30*F30 -> 0
A31: 2958932 | B31: Le Chat HS 300gr ADV23 | C31: 25 | D31: 100 | F31: =C31*D31*E31 -> 0 | H31: 0.04 | I31: =+H31*F31 -> 0
A32: 2958933 | B32: Le Chat HS 750gr ADV23 | C32: 12 | D32: 233 | F32: =C32*D32*E32 -> 0 | H32: 0.04 | I32: =+H32*F32 -> 0
A33: 2970224 | B33: Pril Isis ultra power 1.25L | C33: 12 | D33: 284 | F33: =C33*D33*E33 -> 0 | I33: =+H33*F33 -> 0
A34: 2970482 | B34: Pril Isis ultra power 650ml | C34: 12 | D34: 168 | F34: =C34*D34*E34 -> 0 | I34: =+H34*F34 -> 0
A35: 2975112 | B35: Pril Isis ultra power 3 L | C35: 4 | D35: 664 | F35: =C35*D35*E35 -> 0 | I35: =+H35*F35 -> 0
A36: 2993253 | B36: Bref Triggers Cuisine 500ml | C36: 10 | D36: 221 | F36: =C36*D36*E36 -> 0 | I36: =+H36*F36 -> 0
A37: 2993256 | B37: ISIS Gold 5en1 300g | C37: 25 | D37: 90 | F37: =C37*D37*E37 -> 0 | H37: 0.06 | I37: =+H37*F37 -> 0
A38: 3002104 | B38: ISIS LS bag 2.5kg Lemon | C38: 4 | D38: 723 | F38: =C38*D38*E38 -> 0 | H38: 0.04 | I38: =+H38*F38 -> 0
A39: 3004676 | B39: ISIS gel machine universel 2.5L | C39: 4 | D39: 510 | F39: =C39*D39*E39 -> 0 | H39: 0.04 | I39: =+H39*F39 -> 0
A40: 3004679 | B40: ISIS gel machine universal 900ml | C40: 10 | D40: 265 | F40: =C40*D40*E40 -> 0 | H40: 0.04 | I40: =+H40*F40 -> 0
A41: 3011702 | B41: Bref javel pure power 900mL-DZ | C41: 12 | D41: 86 | F41: =C41*D41*E41 -> 0 | H41: 0.04 | I41: =+H41*F41 -> 0
A42: 3013691 | B42: Bref javel regular pure power 1,75L | C42: 6 | D42: 154 | F42: =C42*D42*E42 -> 0 | H42: 0.04 | I42: =+H42*F42 -> 0
A43: 3013692 | B43: Pril ISIS antibactérien 1.25L | C43: 12 | D43: 284 | F43: =C43*D43*E43 -> 0 | I43: =+H43*F43 -> 0
A44: 3014424 | B44: Le Chat Premium 1L LS GEL | C44: 10 | D44: 426 | F44: =C44*D44*E44 -> 0 | I44: =+H44*F44 -> 0
A45: 3019788 | B45: Pril isis antibac 1250ml promo | C45: 12 | D45: 267 | F45: =C45*D45*E45 -> 0 | I45: =+H45*F45 -> 0
A46: 3019789 | B46: Pril isis ultra power 1250ml promo | C46: 12 | D46: 267 | F46: =C46*D46*E46 -> 0 | I46: =+H46*F46 -> 0
A47: 3019821 | B47: Pril isis ultrapower 650ml promo | C47: 12 | D47: 156 | F47: =C47*D47*E47 -> 0 | I47: =+H47*F47 -> 0
A48: 3019822 | B48: Pril isis antibac 650ml promo | C48: 12 | D48: 156 | F48: =C48*D48*E48 -> 0 | I48: =+H48*F48 -> 0
A49: 3023685 | B49: Isis Bouquet 950ml Blan jasmin | C49: 12 | D49: 151 | F49: =C49*D49*E49 -> 0 | H49: 0.06 | I49: =+H49*F49 -> 0
A50: 3023684 | B50: isis Bouquet 950ml Rose | C50: 12 | D50: 151 | F50: =C50*D50*E50 -> 0 | H50: 0.06 | I50: =+H50*F50 -> 0
A51: 3021473 | B51: isis Bouquet 950ml Lavande | C51: 12 | D51: 151 | F51: =C51*D51*E51 -> 0 | H51: 0.06 | I51: =+H51*F51 -> 0
A52: 3030417 | B52: ISIS GOLD 5 en 1 HS 750g | C52: 12 | D52: 213 | F52: =C52*D52*E52 -> 0 | H52: 0.06 | I52: =+H52*F52 -> 0
A53: 3030426 | B53: Le Chat HS 1,5 KG ADV23 | C53: 8 | D53: 415 | F53: =C53*D53*E53 -> 0 | H53: 0.04 | I53: =+H53*F53 -> 0
A54: 3030254 | B54: ISIS Machine 2.5 kg Bag Promo Price OFF | C54: 4 | D54: 605 | F54: =C54*D54*E54 -> 0 | H54: 0.04 | I54: =+H54*F54 -> 0
A55: 3075606 | B55: Pril isis 650ml limited edition | C55: 12 | D55: 168 | F55: =C55*D55*E55 -> 0 | I55: =+H55*F55 -> 0
A56: 3051115 | B56: Le Chat HS Rose 750gr ADV23 | C56: 12 | D56: 233 | F56: =C56*D56*E56 -> 0 | H56: 0.04 | I56: =+H56*F56 -> 0
A57: 3051116 | B57: Le Chat HS Rose 300gr ADV23 | C57: 25 | D57: 100 | F57: =C57*D57*E57 -> 0 | H57: 0.04 | I57: =+H57*F57 -> 0
A58: 3020036 | B58: Promo Le Chat Liquide Machine 2.5L SDM | C58: 4 | D58: 725 | F58: =C58*D58*E58 -> 0 | H58: 0.06 | I58: =+H58*F58 -> 0
A59: 3020066 | B59: Promo Le Chat Liquide Machine 2.5L Rose | C59: 4 | D59: 725 | F59: =C59*D59*E59 -> 0 | H59: 0.06 | I59: =+H59*F59 -> 0
A60: 3021054 | B60: Le Chat Liquide Machine 2.5L (PROMO) | C60: 4 | D60: 725 | F60: =C60*D60*E60 -> 0 | H60: 0.06 | I60: =+H60*F60 -> 0
A61: 3091334 | B61: ISIS GOLD Machine Liquide 2.5L Lavander | C61: 4 | D61: 510 | F61: =C61*D61*E61 -> 0 | H61: 0.04 | I61: =+H61*F61 -> 0
A62: 3026745 | B62: Gliss Ultimate Repair 250ml | C62: 12 | D62: 378.5 | F62: =C62*D62*E62 -> 0 | H62: 0.04 | I62: =+H62*F62 -> 0
A63: 3026747 | B63: Gliss Aqua Revive 250ml | C63: 12 | D63: 378.5 | F63: =C63*D63*E63 -> 0 | H63: 0.04 | I63: =+H63*F63 -> 0
A64: 3026748 | B64: Gliss Oil Nutritive 250ml | C64: 12 | D64: 378.5 | F64: =C64*D64*E64 -> 0 | H64: 0.04 | I64: =+H64*F64 -> 0
A65: 3026746 | B65: Gliss Supreme Length 250ml | C65: 12 | D65: 378.5 | F65: =C65*D65*E65 -> 0 | H65: 0.04 | I65: =+H65*F65 -> 0
A66: 3026749 | B66: Gliss Aqua Revive 200ml | C66: 6 | D66: 379 | F66: =C66*D66*E66 -> 0 | H66: 0.04 | I66: =+H66*F66 -> 0
A67: 3026771 | B67: Gliss Oil Nutritive 200ml | C67: 6 | D67: 379 | F67: =C67*D67*E67 -> 0 | H67: 0.04 | I67: =+H67*F67 -> 0
... A72: 1250003 | B72: Le Chat Liquide Machine 2.5L Rose - Including TPR | C72: 4 | D72: 725 | F72: =C72*D72*E72 -> 0 | H72: 0.06 | I72: =+H72*F72 -> 0
A73: 3072880 | B73: Pril isis 1,25L l limited edition | C73: 12 | D73: 284 | F73: =C73*D73*E73 -> 0 | I73: =+H73*F73 -> 0
B74: TOTAL CARTONS | D74: =SUM(E14:E73) -> 0 | E74: TTC | F74: =SUM(F12:F73) -> 0 | G74: =SUM(G12:G73) -> 0 | I74: =SUM(I12:I73) -> 0
E75: REMISE | F75: =+I74 -> 0
E76: NET | F76: =+F74-F75 -> 0

Sheet 6
A1: SARL ANDROMEDE DISTRIBUTION
A2: CITE CHAABIA LOT 16 SECTION 02 BIR TOUTA, ALGER.
A3: R-C : 16/00-1010272 B15 I-F : 001516101027219 ART : 16360128161 N° TEL : 0555048930
A5: BON DE LIVRAISON
A7: CLIENT :
A8: ADRESSE :
A9: DATE : | B9: =+'BON DE PREPARATION'!B9 -> 08 07 2023 | D9: LIVREUR :
B10: BACHDJERAH HUSSEIN DEY EL MAGHARIA BOUROUBA
A11: Code IDH | B11: PRODUITS | C11: Qté/Crt | D11: P.U. | E11: Qté. Vendu | F11: Montant TTC | G11: REMISE SALES BUZZ | H11: % REMISE | I11: REMISE
A12: 2682282 | B12: Le Chat Premium RL 2.5L | C12: 4 | D12: 995 | F12: =C12*D12*E12 -> 0 | H12: 0.06 | I12: =+H12*F12 -> 0
A13: 3035219 | B13: Le Chat LS BAG 2.5kg PROMO | C13: 4 | D13: 695 | F13: =C13*D13*E13 -> 0 | H13: 0.04 | I13: =+H13*F13 -> 0
A14: 3051094 | B14: Bref Moussant 1,75L | C14: 6 | D14: 226 | F14: =C14*D14*E14 -> 0 | H14: 0.04 | I14: =+H14*F14 -> 0
A15: 2823409 | B15: ISIS HS POWDER SDM 300GR LIMITLESS | C15: 25 | D15: 90 | F15: =C15*D15*E15 -> 0 | H15: 0.06 | I15: =+H15*F15 -> 0
A16: 3072722 | B16: BREF Trigger multi-surface 490ml | C16: 12 | D16: 221 | F16: =C16*D16*E16 -> 0 | I16: =+H16*F16 -> 0
A17: 3022693 | B17: Pril ISIS Cold Power 3L Promo | C17: 4 | D17: 595 | F17: =C17*D17*E17 -> 0 | I17: =+H17*F17 -> 0
A18: 2875891 | B18: ISIS HS 300g LEMON LIMITLESS | C18: 25 | D18: 90 | F18: =C18*D18*E18 -> 0 | H18: 0.06 | I18: =+H18*F18 -> 0
A19: 2875892 | B19: ISIS HS 750g LEMON LIMITLESS | C19: 12 | D19: 213 | F19: =C19*D19*E19 -> 0 | H19: 0.06 | I19: =+H19*F19 -> 0
A20: 2875893 | B20: ISIS HS 1,5Kg LEMON LIMITLESS | C20: 8 | D20: 417 | F20: =C20*D20*E20 -> 0 | H20: 0.06 | I20: =+H20*F20 -> 0
A21: 2910278 | B21: Nettoyant Moussant Javelisé 900ml | C21: 12 | D21: 123.5 | F21: =C21*D21*E21 -> 0 | H21: 0.04 | I21: =+H21*F21 -> 0
A22: 2943549 | B22: Pril ISIS Antibactérien 650ML Lemon | C22: 12 | D22: 168 | F22: =C22*D22*E22 -> 0 | I22: =+H22*F22 -> 0
A23: 2951994 | B23: Le Chat Rose 2,5L ADV23 | C23: 4 | D23: 810 | F23: =C23*D23*E23 -> 0 | H23: 0.06 | I23: =+H23*F23 -> 0
A24: 2952074 | B24: Le Chat Regular 2,5L ADV23 | C24: 4 | D24: 810 | F24: =C24*D24*E24 -> 0 | H24: 0.06 | I24: =+H24*F24 -> 0
A25: 2952081 | B25: Le Chat SDM 2,5L ADV23 | C25: 4 | D25: 810 | F25: =C25*D25*E25 -> 0 | H25: 0.06 | I25: =+H25*F25 -> 0
A26: 2952089 | B26: Le Chat Regular 1L ADV23 | C26: 10 | D26: 377 | F26: =C26*D26*E26 -> 0 | H26: 0.06 | I26: =+H26*F26 -> 0
A27: 2952090 | B27: Le Chat Rose 1L ADV23 | C27: 10 | D27: 377 | F27: =C27*D27*E27 -> 0 | H27: 0.06 | I27: =+H27*F27 -> 0
A28: 3035242 | B28: Le chat HDLD 4L ADV 23 non promo | C28: 3 | D28: 1145 | F28: =C28*D28*E28 -> 0 | H28: 0.06 | I28: =+H28*F28 -> 0
A29: 2958928 | B29: Le Chat 2,5kg bag ADV23 | C29: 4 | D29: 792 | F29: =C29*D29*E29 -> 0 | H29: 0.04 | I29: =+H29*F29 -> 0
A30: 2958931 | B30: Le Chat HS Gel 1L ADV23 | C30: 10 | D30: 331 | F30: =C30*D30*E30 -> 0 | H30: 0.04 | I30: =+H30*F30 -> 0
A31: 2958932 | B31: Le Chat HS 300gr ADV23 | C31: 25 | D31: 100 | F31: =C31*D31*E31 -> 0 | H31: 0.04 | I31: =+H31*F31 -> 0
A32: 2958933 | B32: Le Chat HS 750gr ADV23 | C32: 12 | D32: 233 | F32: =C32*D32*E32 -> 0 | H32: 0.04 | I32: =+H32*F32 -> 0
A33: 2970224 | B33: Pril Isis ultra power 1.25L | C33: 12 | D33: 284 | F33: =C33*D33*E33 -> 0 | I33: =+H33*F33 -> 0
A34: 2970482 | B34: Pril Isis ultra power 650ml | C34: 12 | D34: 168 | F34: =C34*D34*E34 -> 0 | I34: =+H34*F34 -> 0
A35: 2975112 | B35: Pril Isis ultra power 3 L | C35: 4 | D35: 664 | F35: =C35*D35*E35 -> 0 | I35: =+H35*F35 -> 0
A36: 2993253 | B36: Bref Triggers Cuisine 500ml | C36: 10 | D36: 221 | F36: =C36*D36*E36 -> 0 | I36: =+H36*F36 -> 0
A37: 2993256 | B37: ISIS Gold 5en1 300g | C37: 25 | D37: 90 | F37: =C37*D37*E37 -> 0 | H37: 0.06 | I37: =+H37*F37 -> 0
A38: 3002104 | B38: ISIS LS bag 2.5kg Lemon | C38: 4 | D38: 723 | F38: =C38*D38*E38 -> 0 | H38: 0.04 | I38: =+H38*F38 -> 0
A39: 3004676 | B39: ISIS gel machine universel 2.5L | C39: 4 | D39: 510 | F39: =C39*D39*E39 -> 0 | H39: 0.04 | I39: =+H39*F39 -> 0
A40: 3004679 | B40: ISIS gel machine universal 900ml | C40: 10 | D40: 265 | F40: =C40*D40*E40 -> 0 | H40: 0.04 | I40: =+H40*F40 -> 0
A41: 3011702 | B41: Bref javel pure power 900mL-DZ | C41: 12 | D41: 86 | F41: =C41*D41*E41 -> 0 | H41: 0.04 | I41: =+H41*F41 -> 0
A42: 3013691 | B42: Bref javel regular pure power 1,75L | C42: 6 | D42: 154 | F42: =C42*D42*E42 -> 0 | H42: 0.04 | I42: =+H42*F42 -> 0
A43: 3013692 | B43: Pril ISIS antibactérien 1.25L | C43: 12 | D43: 284 | F43: =C43*D43*E43 -> 0 | I43: =+H43*F43 -> 0
A44: 3014424 | B44: Le Chat Premium 1L LS GEL | C44: 10 | D44: 426 | F44: =C44*D44*E44 -> 0 | I44: =+H44*F44 -> 0
A45: 3019788 | B45: Pril isis antibac 1250ml promo | C45: 12 | D45: 267 | F45: =C45*D45*E45 -> 0 | I45: =+H45*F45 -> 0
A46: 3019789 | B46: Pril isis ultra power 1250ml promo | C46: 12 | D46: 267 | F46: =C46*D46*E46 -> 0 | I46: =+H46*F46 -> 0
A47: 3019821 | B47: Pril isis ultrapower 650ml promo | C47: 12 | D47: 156 | F47: =C47*D47*E47 -> 0 | I47: =+H47*F47 -> 0
A48: 3019822 | B48: Pril isis antibac 650ml promo | C48: 12 | D48: 156 | F48: =C48*D48*E48 -> 0 | I48: =+H48*F48 -> 0
A49: 3023685 | B49: Isis Bouquet 950ml Blan jasmin | C49: 12 | D49: 151 | F49: =C49*D49*E49 -> 0 | H49: 0.06 | I49: =+H49*F49 -> 0
A50: 3023684 | B50: isis Bouquet 950ml Rose | C50: 12 | D50: 151 | F50: =C50*D50*E50 -> 0 | H50: 0.06 | I50: =+H50*F50 -> 0
A51: 3021473 | B51: isis Bouquet 950ml Lavande | C51: 12 | D51: 151 | F51: =C51*D51*E51 -> 0 | H51: 0.06 | I51: =+H51*F51 -> 0
A52: 3030417 | B52: ISIS GOLD 5 en 1 HS 750g | C52: 12 | D52: 213 | F52: =C52*D52*E52 -> 0 | H52: 0.06 | I52: =+H52*F52 -> 0
A53: 3030426 | B53: Le Chat HS 1,5 KG ADV23 | C53: 8 | D53: 415 | F53: =C53*D53*E53 -> 0 | H53: 0.04 | I53: =+H53*F53 -> 0
A54: 3030254 | B54: ISIS Machine 2.5 kg Bag Promo Price OFF | C54: 4 | D54: 605 | F54: =C54*D54*E54 -> 0 | H54: 0.04 | I54: =+H54*F54 -> 0
A55: 3075606 | B55: Pril isis 650ml limited edition | C55: 12 | D55: 168 | F55: =C55*D55*E55 -> 0 | I55: =+H55*F55 -> 0
A56: 3051115 | B56: Le Chat HS Rose 750gr ADV23 | C56: 12 | D56: 233 | F56: =C56*D56*E56 -> 0 | H56: 0.04 | I56: =+H56*F56 -> 0
A57: 3051116 | B57: Le Chat HS Rose 300gr ADV23 | C57: 25 | D57: 100 | F57: =C57*D57*E57 -> 0 | H57: 0.04 | I57: =+H57*F57 -> 0
A58: 3020036 | B58: Promo Le Chat Liquide Machine 2.5L SDM | C58: 4 | D58: 725 | F58: =C58*D58*E58 -> 0 | H58: 0.06 | I58: =+H58*F58 -> 0
A59: 3020066 | B59: Promo Le Chat Liquide Machine 2.5L Rose | C59: 4 | D59: 725 | F59: =C59*D59*E59 -> 0 | H59: 0.06 | I59: =+H59*F59 -> 0
A60: 3021054 | B60: Le Chat Liquide Machine 2.5L (PROMO) | C60: 4 | D60: 725 | F60: =C60*D60*E60 -> 0 | H60: 0.06 | I60: =+H60*F60 -> 0
A61: 3091334 | B61: ISIS GOLD Machine Liquide 2.5L Lavander | C61: 4 | D61: 510 | F61: =C61*D61*E61 -> 0 | H61: 0.04 | I61: =+H61*F61 -> 0
A62: 3026745 | B62: Gliss Ultimate Repair 250ml | C62: 12 | D62: 378.5 | F62: =C62*D62*E62 -> 0 | H62: 0.04 | I62: =+H62*F62 -> 0
A63: 3026747 | B63: Gliss Aqua Revive 250ml | C63: 12 | D63: 378.5 | F63: =C63*D63*E63 -> 0 | H63: 0.04 | I63: =+H63*F63 -> 0
A64: 3026748 | B64: Gliss Oil Nutritive 250ml | C64: 12 | D64: 378.5 | F64: =C64*D64*E64 -> 0 | H64: 0.04 | I64: =+H64*F64 -> 0
A65: 3026746 | B65: Gliss Supreme Length 250ml | C65: 12 | D65: 378.5 | F65: =C65*D65*E65 -> 0 | H65: 0.04 | I65: =+H65*F65 -> 0
A66: 3026749 | B66: Gliss Aqua Revive 200ml | C66: 6 | D66: 379 | F66: =C66*D66*E66 -> 0 | H66: 0.04 | I66: =+H66*F66 -> 0
A67: 3026771 | B67: Gliss Oil Nutritive 200ml | C67: 6 | D67: 379 | F67: =C67*D67*E67 -> 0 | H67: 0.04 | I67: =+H67*F67 -> 0
... A72: 1250003 | B72: Le Chat Liquide Machine 2.5L Rose - Including TPR | C72: 4 | D72: 725 | F72: =C72*D72*E72 -> 0 | H72: 0.06 | I72: =+H72*F72 -> 0
A73: 3072880 | B73: Pril isis 1,25L l limited edition | C73: 12 | D73: 284 | F73: =C73*D73*E73 -> 0 | I73: =+H73*F73 -> 0
B74: TOTAL CARTONS | D74: =SUM(E14:E73) -> 0 | E74: TTC | F74: =SUM(F12:F73) -> 0 | G74: =SUM(G12:G73) -> 0 | I74: =SUM(I12:I73) -> 0
E75: REMISE | F75: =+I74 -> 0
E76: NET | F76: =+F74-F75 -> 0

Sheet 7
A1: SARL ANDROMEDE DISTRIBUTION
A2: CITE CHAABIA LOT 16 SECTION 02 BIR TOUTA, ALGER.
A3: R-C : 16/00-1010272 B15 I-F : 001516101027219 ART : 16360128161 N° TEL : 0555048930
A5: BON DE LIVRAISON
A7: CLIENT :
A8: ADRESSE :
A9: DATE : | B9: =+'BON DE PREPARATION'!B9 -> 08 07 2023 | D9: LIVREUR :
A11: Code IDH | B11: PRODUITS | C11: Qté/Crt | D11: P.U. | E11: Qté. Vendu | F11: Montant TTC | G11: REMISE SALES BUZZ | H11: % REMISE | I11: REMISE
A12: 2682282 | B12: Le Chat Premium RL 2.5L | C12: 4 | D12: 995 | F12: =C12*D12*E12 -> 0 | H12: 0.06 | I12: =+H12*F12 -> 0
A13: 3035219 | B13: Le Chat LS BAG 2.5kg PROMO | C13: 4 | D13: 695 | F13: =C13*D13*E13 -> 0 | H13: 0.04 | I13: =+H13*F13 -> 0
A14: 3051094 | B14: Bref Moussant 1,75L | C14: 6 | D14: 226 | F14: =C14*D14*E14 -> 0 | H14: 0.04 | I14: =+H14*F14 -> 0
A15: 2823409 | B15: ISIS HS POWDER SDM 300GR LIMITLESS | C15: 25 | D15: 90 | F15: =C15*D15*E15 -> 0 | H15: 0.06 | I15: =+H15*F15 -> 0
A16: 3072722 | B16: BREF Trigger multi-surface 490ml | C16: 12 | D16: 221 | F16: =C16*D16*E16 -> 0 | I16: =+H16*F16 -> 0
A17: 3022693 | B17: Pril ISIS Cold Power 3L Promo | C17: 4 | D17: 595 | F17: =C17*D17*E17 -> 0 | I17: =+H17*F17 -> 0
A18: 2875891 | B18: ISIS HS 300g LEMON LIMITLESS | C18: 25 | D18: 90 | F18: =C18*D18*E18 -> 0 | H18: 0.06 | I18: =+H18*F18 -> 0
A19: 2875892 | B19: ISIS HS 750g LEMON LIMITLESS | C19: 12 | D19: 213 | F19: =C19*D19*E19 -> 0 | H19: 0.06 | I19: =+H19*F19 -> 0
A20: 2875893 | B20: ISIS HS 1,5Kg LEMON LIMITLESS | C20: 8 | D20: 417 | F20: =C20*D20*E20 -> 0 | H20: 0.06 | I20: =+H20*F20 -> 0
A21: 2910278 | B21: Nettoyant Moussant Javelisé 900ml | C21: 12 | D21: 123.5 | F21: =C21*D21*E21 -> 0 | H21: 0.04 | I21: =+H21*F21 -> 0
A22: 2943549 | B22: Pril ISIS Antibactérien 650ML Lemon | C22: 12 | D22: 168 | F22: =C22*D22*E22 -> 0 | I22: =+H22*F22 -> 0
A23: 2951994 | B23: Le Chat Rose 2,5L ADV23 | C23: 4 | D23: 810 | F23: =C23*D23*E23 -> 0 | H23: 0.06 | I23: =+H23*F23 -> 0
A24: 2952074 | B24: Le Chat Regular 2,5L ADV23 | C24: 4 | D24: 810 | F24: =C24*D24*E24 -> 0 | H24: 0.06 | I24: =+H24*F24 -> 0
A25: 2952081 | B25: Le Chat SDM 2,5L ADV23 | C25: 4 | D25: 810 | F25: =C25*D25*E25 -> 0 | H25: 0.06 | I25: =+H25*F25 -> 0
A26: 2952089 | B26: Le Chat Regular 1L ADV23 | C26: 10 | D26: 377 | F26: =C26*D26*E26 -> 0 | H26: 0.06 | I26: =+H26*F26 -> 0
A27: 2952090 | B27: Le Chat Rose 1L ADV23 | C27: 10 | D27: 377 | F27: =C27*D27*E27 -> 0 | H27: 0.06 | I27: =+H27*F27 -> 0
A28: 3035242 | B28: Le chat HDLD 4L ADV 23 non promo | C28: 3 | D28: 1145 | F28: =C28*D28*E28 -> 0 | H28: 0.06 | I28: =+H28*F28 -> 0
A29: 2958928 | B29: Le Chat 2,5kg bag ADV23 | C29: 4 | D29: 792 | F29: =C29*D29*E29 -> 0 | H29: 0.04 | I29: =+H29*F29 -> 0
A30: 2958931 | B30: Le Chat HS Gel 1L ADV23 | C30: 10 | D30: 331 | F30: =C30*D30*E30 -> 0 | H30: 0.04 | I30: =+H30*F30 -> 0
A31: 2958932 | B31: Le Chat HS 300gr ADV23 | C31: 25 | D31: 100 | F31: =C31*D31*E31 -> 0 | H31: 0.04 | I31: =+H31*F31 -> 0
A32: 2958933 | B32: Le Chat HS 750gr ADV23 | C32: 12 | D32: 233 | F32: =C32*D32*E32 -> 0 | H32: 0.04 | I32: =+H32*F32 -> 0
A33: 2970224 | B33: Pril Isis ultra power 1.25L | C33: 12 | D33: 284 | F33: =C33*D33*E33 -> 0 | I33: =+H33*F33 -> 0
A34: 2970482 | B34: Pril Isis ultra power 650ml | C34: 12 | D34: 168 | F34: =C34*D34*E34 -> 0 | I34: =+H34*F34 -> 0
A35: 2975112 | B35: Pril Isis ultra power 3 L | C35: 4 | D35: 664 | F35: =C35*D35*E35 -> 0 | I35: =+H35*F35 -> 0
A36: 2993253 | B36: Bref Triggers Cuisine 500ml | C36: 10 | D36: 221 | F36: =C36*D36*E36 -> 0 | I36: =+H36*F36 -> 0
A37: 2993256 | B37: ISIS Gold 5en1 300g | C37: 25 | D37: 90 | F37: =C37*D37*E37 -> 0 | H37: 0.06 | I37: =+H37*F37 -> 0
A38: 3002104 | B38: ISIS LS bag 2.5kg Lemon | C38: 4 | D38: 723 | F38: =C38*D38*E38 -> 0 | H38: 0.04 | I38: =+H38*F38 -> 0
A39: 3004676 | B39: ISIS gel machine universel 2.5L | C39: 4 | D39: 510 | F39: =C39*D39*E39 -> 0 | H39: 0.04 | I39: =+H39*F39 -> 0
A40: 3004679 | B40: ISIS gel machine universal 900ml | C40: 10 | D40: 265 | F40: =C40*D40*E40 -> 0 | H40: 0.04 | I40: =+H40*F40 -> 0
A41: 3011702 | B41: Bref javel pure power 900mL-DZ | C41: 12 | D41: 86 | F41: =C41*D41*E41 -> 0 | H41: 0.04 | I41: =+H41*F41 -> 0
A42: 3013691 | B42: Bref javel regular pure power 1,75L | C42: 6 | D42: 154 | F42: =C42*D42*E42 -> 0 | H42: 0.04 | I42: =+H42*F42 -> 0
A43: 3013692 | B43: Pril ISIS antibactérien 1.25L | C43: 12 | D43: 284 | F43: =C43*D43*E43 -> 0 | I43: =+H43*F43 -> 0
A44: 3014424 | B44: Le Chat Premium 1L LS GEL | C44: 10 | D44: 426 | F44: =C44*D44*E44 -> 0 | I44: =+H44*F44 -> 0
A45: 3019788 | B45: Pril isis antibac 1250ml promo | C45: 12 | D45: 267 | F45: =C45*D45*E45 -> 0 | I45: =+H45*F45 -> 0
A46: 3019789 | B46: Pril isis ultra power 1250ml promo | C46: 12 | D46: 267 | F46: =C46*D46*E46 -> 0 | I46: =+H46*F46 -> 0
A47: 3019821 | B47: Pril isis ultrapower 650ml promo | C47: 12 | D47: 156 | F47: =C47*D47*E47 -> 0 | I47: =+H47*F47 -> 0
A48: 3019822 | B48: Pril isis antibac 650ml promo | C48: 12 | D48: 156 | F48: =C48*D48*E48 -> 0 | I48: =+H48*F48 -> 0
A49: 3023685 | B49: Isis Bouquet 950ml Blan jasmin | C49: 12 | D49: 151 | F49: =C49*D49*E49 -> 0 | H49: 0.06 | I49: =+H49*F49 -> 0
A50: 3023684 | B50: isis Bouquet 950ml Rose | C50: 12 | D50: 151 | F50: =C50*D50*E50 -> 0 | H50: 0.06 | I50: =+H50*F50 -> 0
A51: 3021473 | B51: isis Bouquet 950ml Lavande | C51: 12 | D51: 151 | F51: =C51*D51*E51 -> 0 | H51: 0.06 | I51: =+H51*F51 -> 0
A52: 3030417 | B52: ISIS GOLD 5 en 1 HS 750g | C52: 12 | D52: 213 | F52: =C52*D52*E52 -> 0 | H52: 0.06 | I52: =+H52*F52 -> 0
A53: 3030426 | B53: Le Chat HS 1,5 KG ADV23 | C53: 8 | D53: 415 | F53: =C53*D53*E53 -> 0 | H53: 0.04 | I53: =+H53*F53 -> 0
A54: 3030254 | B54: ISIS Machine 2.5 kg Bag Promo Price OFF | C54: 4 | D54: 605 | F54: =C54*D54*E54 -> 0 | H54: 0.04 | I54: =+H54*F54 -> 0
A55: 3075606 | B55: Pril isis 650ml limited edition | C55: 12 | D55: 168 | F55: =C55*D55*E55 -> 0 | I55: =+H55*F55 -> 0
A56: 3051115 | B56: Le Chat HS Rose 750gr ADV23 | C56: 12 | D56: 233 | F56: =C56*D56*E56 -> 0 | H56: 0.04 | I56: =+H56*F56 -> 0
A57: 3051116 | B57: Le Chat HS Rose 300gr ADV23 | C57: 25 | D57: 100 | F57: =C57*D57*E57 -> 0 | H57: 0.04 | I57: =+H57*F57 -> 0
A58: 3020036 | B58: Promo Le Chat Liquide Machine 2.5L SDM | C58: 4 | D58: 725 | F58: =C58*D58*E58 -> 0 | H58: 0.06 | I58: =+H58*F58 -> 0
A59: 3020066 | B59: Promo Le Chat Liquide Machine 2.5L Rose | C59: 4 | D59: 725 | F59: =C59*D59*E59 -> 0 | H59: 0.06 | I59: =+H59*F59 -> 0
A60: 3021054 | B60: Le Chat Liquide Machine 2.5L (PROMO) | C60: 4 | D60: 725 | F60: =C60*D60*E60 -> 0 | H60: 0.06 | I60: =+H60*F60 -> 0
A61: 3091334 | B61: ISIS GOLD Machine Liquide 2.5L Lavander | C61: 4 | D61: 510 | F61: =C61*D61*E61 -> 0 | H61: 0.04 | I61: =+H61*F61 -> 0
A62: 3026745 | B62: Gliss Ultimate Repair 250ml | C62: 12 | D62: 378.5 | F62: =C62*D62*E62 -> 0 | H62: 0.04 | I62: =+H62*F62 -> 0
A63: 3026747 | B63: Gliss Aqua Revive 250ml | C63: 12 | D63: 378.5 | F63: =C63*D63*E63 -> 0 | H63: 0.04 | I63: =+H63*F63 -> 0
A64: 3026748 | B64: Gliss Oil Nutritive 250ml | C64: 12 | D64: 378.5 | F64: =C64*D64*E64 -> 0 | H64: 0.04 | I64: =+H64*F64 -> 0
A65: 3026746 | B65: Gliss Supreme Length 250ml | C65: 12 | D65: 378.5 | F65: =C65*D65*E65 -> 0 | H65: 0.04 | I65: =+H65*F65 -> 0
A66: 3026749 | B66: Gliss Aqua Revive 200ml | C66: 6 | D66: 379 | F66: =C66*D66*E66 -> 0 | H66: 0.04 | I66: =+H66*F66 -> 0
A67: 3026771 | B67: Gliss Oil Nutritive 200ml | C67: 6 | D67: 379 | F67: =C67*D67*E67 -> 0 | H67: 0.04 | I67: =+H67*F67 -> 0
... A72: 1250003 | B72: Le Chat Liquide Machine 2.5L Rose - Including TPR | C72: 4 | D72: 725 | F72: =C72*D72*E72 -> 0 | H72: 0.06 | I72: =+H72*F72 -> 0
A73: 3072880 | B73: Pril isis 1,25L l limited edition | C73: 12 | D73: 284 | F73: =C73*D73*E73 -> 0 | I73: =+H73*F73 -> 0
B74: TOTAL CARTONS | D74: =SUM(E14:E73) -> 0 | E74: TTC | F74: =SUM(F12:F73) -> 0 | G74: =SUM(G12:G73) -> 0 | I74: =SUM(I12:I73) -> 0
E75: REMISE | F75: =+I74 -> 0
E76: NET | F76: =+F74-F75 -> 0

Sheet 8
A1: SARL ANDROMEDE DISTRIBUTION
A2: CITE CHAABIA LOT 16 SECTION 02 BIR TOUTA, ALGER.
A3: R-C : 16/00-1010272 B15 I-F : 001516101027219 ART : 16360128161 N° TEL : 0555048930
A5: BON DE LIVRAISON
A7: CLIENT :
A8: ADRESSE :
A9: DATE : | B9: =+'BON DE PREPARATION'!B9 -> 08 07 2023 | D9: LIVREUR :
A11: Code IDH | B11: PRODUITS | C11: Qté/Crt | D11: P.U. | E11: Qté. Vendu | F11: Montant TTC | G11: REMISE SALES BUZZ | H11: % REMISE | I11: REMISE
A12: 2682282 | B12: Le Chat Premium RL 2.5L | C12: 4 | D12: 995 | F12: =C12*D12*E12 -> 0 | H12: 0.06 | I12: =+H12*F12 -> 0
A13: 3035219 | B13: Le Chat LS BAG 2.5kg PROMO | C13: 4 | D13: 695 | F13: =C13*D13*E13 -> 0 | H13: 0.04 | I13: =+H13*F13 -> 0
A14: 3051094 | B14: Bref Moussant 1,75L | C14: 6 | D14: 226 | F14: =C14*D14*E14 -> 0 | H14: 0.04 | I14: =+H14*F14 -> 0
A15: 2823409 | B15: ISIS HS POWDER SDM 300GR LIMITLESS | C15: 25 | D15: 90 | F15: =C15*D15*E15 -> 0 | H15: 0.06 | I15: =+H15*F15 -> 0
A16: 3072722 | B16: BREF Trigger multi-surface 490ml | C16: 12 | D16: 221 | F16: =C16*D16*E16 -> 0 | I16: =+H16*F16 -> 0
A17: 3022693 | B17: Pril ISIS Cold Power 3L Promo | C17: 4 | D17: 595 | F17: =C17*D17*E17 -> 0 | I17: =+H17*F17 -> 0
A18: 2875891 | B18: ISIS HS 300g LEMON LIMITLESS | C18: 25 | D18: 90 | F18: =C18*D18*E18 -> 0 | H18: 0.06 | I18: =+H18*F18 -> 0
A19: 2875892 | B19: ISIS HS 750g LEMON LIMITLESS | C19: 12 | D19: 213 | F19: =C19*D19*E19 -> 0 | H19: 0.06 | I19: =+H19*F19 -> 0
A20: 2875893 | B20: ISIS HS 1,5Kg LEMON LIMITLESS | C20: 8 | D20: 417 | F20: =C20*D20*E20 -> 0 | H20: 0.06 | I20: =+H20*F20 -> 0
A21: 2910278 | B21: Nettoyant Moussant Javelisé 900ml | C21: 12 | D21: 123.5 | F21: =C21*D21*E21 -> 0 | H21: 0.04 | I21: =+H21*F21 -> 0
A22: 2943549 | B22: Pril ISIS Antibactérien 650ML Lemon | C22: 12 | D22: 168 | F22: =C22*D22*E22 -> 0 | I22: =+H22*F22 -> 0
A23: 2951994 | B23: Le Chat Rose 2,5L ADV23 | C23: 4 | D23: 810 | F23: =C23*D23*E23 -> 0 | H23: 0.06 | I23: =+H23*F23 -> 0
A24: 2952074 | B24: Le Chat Regular 2,5L ADV23 | C24: 4 | D24: 810 | F24: =C24*D24*E24 -> 0 | H24: 0.06 | I24: =+H24*F24 -> 0
A25: 2952081 | B25: Le Chat SDM 2,5L ADV23 | C25: 4 | D25: 810 | F25: =C25*D25*E25 -> 0 | H25: 0.06 | I25: =+H25*F25 -> 0
A26: 2952089 | B26: Le Chat Regular 1L ADV23 | C26: 10 | D26: 377 | F26: =C26*D26*E26 -> 0 | H26: 0.06 | I26: =+H26*F26 -> 0
A27: 2952090 | B27: Le Chat Rose 1L ADV23 | C27: 10 | D27: 377 | F27: =C27*D27*E27 -> 0 | H27: 0.06 | I27: =+H27*F27 -> 0
A28: 3035242 | B28: Le chat HDLD 4L ADV 23 non promo | C28: 3 | D28: 1145 | F28: =C28*D28*E28 -> 0 | H28: 0.06 | I28: =+H28*F28 -> 0
A29: 2958928 | B29: Le Chat 2,5kg bag ADV23 | C29: 4 | D29: 792 | F29: =C29*D29*E29 -> 0 | H29: 0.04 | I29: =+H29*F29 -> 0
A30: 2958931 | B30: Le Chat HS Gel 1L ADV23 | C30: 10 | D30: 331 | F30: =C30*D30*E30 -> 0 | H30: 0.04 | I30: =+H30*F30 -> 0
A31: 2958932 | B31: Le Chat HS 300gr ADV23 | C31: 25 | D31: 100 | F31: =C31*D31*E31 -> 0 | H31: 0.04 | I31: =+H31*F31 -> 0
A32: 2958933 | B32: Le Chat HS 750gr ADV23 | C32: 12 | D32: 233 | F32: =C32*D32*E32 -> 0 | H32: 0.04 | I32: =+H32*F32 -> 0
A33: 2970224 | B33: Pril Isis ultra power 1.25L | C33: 12 | D33: 284 | F33: =C33*D33*E33 -> 0 | I33: =+H33*F33 -> 0
A34: 2970482 | B34: Pril Isis ultra power 650ml | C34: 12 | D34: 168 | F34: =C34*D34*E34 -> 0 | I34: =+H34*F34 -> 0
A35: 2975112 | B35: Pril Isis ultra power 3 L | C35: 4 | D35: 664 | F35: =C35*D35*E35 -> 0 | I35: =+H35*F35 -> 0
A36: 2993253 | B36: Bref Triggers Cuisine 500ml | C36: 10 | D36: 221 | F36: =C36*D36*E36 -> 0 | I36: =+H36*F36 -> 0
A37: 2993256 | B37: ISIS Gold 5en1 300g | C37: 25 | D37: 90 | F37: =C37*D37*E37 -> 0 | H37: 0.06 | I37: =+H37*F37 -> 0
A38: 3002104 | B38: ISIS LS bag 2.5kg Lemon | C38: 4 | D38: 723 | F38: =C38*D38*E38 -> 0 | H38: 0.04 | I38: =+H38*F38 -> 0
A39: 3004676 | B39: ISIS gel machine universel 2.5L | C39: 4 | D39: 510 | F39: =C39*D39*E39 -> 0 | H39: 0.04 | I39: =+H39*F39 -> 0
A40: 3004679 | B40: ISIS gel machine universal 900ml | C40: 10 | D40: 265 | F40: =C40*D40*E40 -> 0 | H40: 0.04 | I40: =+H40*F40 -> 0
A41: 3011702 | B41: Bref javel pure power 900mL-DZ | C41: 12 | D41: 86 | F41: =C41*D41*E41 -> 0 | H41: 0.04 | I41: =+H41*F41 -> 0
A42: 3013691 | B42: Bref javel regular pure power 1,75L | C42: 6 | D42: 154 | F42: =C42*D42*E42 -> 0 | H42: 0.04 | I42: =+H42*F42 -> 0
A43: 3013692 | B43: Pril ISIS antibactérien 1.25L | C43: 12 | D43: 284 | F43: =C43*D43*E43 -> 0 | I43: =+H43*F43 -> 0
A44: 3014424 | B44: Le Chat Premium 1L LS GEL | C44: 10 | D44: 426 | F44: =C44*D44*E44 -> 0 | I44: =+H44*F44 -> 0
A45: 3019788 | B45: Pril isis antibac 1250ml promo | C45: 12 | D45: 267 | F45: =C45*D45*E45 -> 0 | I45: =+H45*F45 -> 0
A46: 3019789 | B46: Pril isis ultra power 1250ml promo | C46: 12 | D46: 267 | F46: =C46*D46*E46 -> 0 | I46: =+H46*F46 -> 0
A47: 3019821 | B47: Pril isis ultrapower 650ml promo | C47: 12 | D47: 156 | F47: =C47*D47*E47 -> 0 | I47: =+H47*F47 -> 0
A48: 3019822 | B48: Pril isis antibac 650ml promo | C48: 12 | D48: 156 | F48: =C48*D48*E48 -> 0 | I48: =+H48*F48 -> 0
A49: 3023685 | B49: Isis Bouquet 950ml Blan jasmin | C49: 12 | D49: 151 | F49: =C49*D49*E49 -> 0 | H49: 0.06 | I49: =+H49*F49 -> 0
A50: 3023684 | B50: isis Bouquet 950ml Rose | C50: 12 | D50: 151 | F50: =C50*D50*E50 -> 0 | H50: 0.06 | I50: =+H50*F50 -> 0
A51: 3021473 | B51: isis Bouquet 950ml Lavande | C51: 12 | D51: 151 | F51: =C51*D51*E51 -> 0 | H51: 0.06 | I51: =+H51*F51 -> 0
A52: 3030417 | B52: ISIS GOLD 5 en 1 HS 750g | C52: 12 | D52: 213 | F52: =C52*D52*E52 -> 0 | H52: 0.06 | I52: =+H52*F52 -> 0
A53: 3030426 | B53: Le Chat HS 1,5 KG ADV23 | C53: 8 | D53: 415 | F53: =C53*D53*E53 -> 0 | H53: 0.04 | I53: =+H53*F53 -> 0
A54: 3030254 | B54: ISIS Machine 2.5 kg Bag Promo Price OFF | C54: 4 | D54: 605 | F54: =C54*D54*E54 -> 0 | H54: 0.04 | I54: =+H54*F54 -> 0
A55: 3075606 | B55: Pril isis 650ml limited edition | C55: 12 | D55: 168 | F55: =C55*D55*E55 -> 0 | I55: =+H55*F55 -> 0
A56: 3051115 | B56: Le Chat HS Rose 750gr ADV23 | C56: 12 | D56: 233 | F56: =C56*D56*E56 -> 0 | H56: 0.04 | I56: =+H56*F56 -> 0
A57: 3051116 | B57: Le Chat HS Rose 300gr ADV23 | C57: 25 | D57: 100 | F57: =C57*D57*E57 -> 0 | H57: 0.04 | I57: =+H57*F57 -> 0
A58: 3020036 | B58: Promo Le Chat Liquide Machine 2.5L SDM | C58: 4 | D58: 725 | F58: =C58*D58*E58 -> 0 | H58: 0.06 | I58: =+H58*F58 -> 0
A59: 3020066 | B59: Promo Le Chat Liquide Machine 2.5L Rose | C59: 4 | D59: 725 | F59: =C59*D59*E59 -> 0 | H59: 0.06 | I59: =+H59*F59 -> 0
A60: 3021054 | B60: Le Chat Liquide Machine 2.5L (PROMO) | C60: 4 | D60: 725 | F60: =C60*D60*E60 -> 0 | H60: 0.06 | I60: =+H60*F60 -> 0
A61: 3091334 | B61: ISIS GOLD Machine Liquide 2.5L Lavander | C61: 4 | D61: 510 | F61: =C61*D61*E61 -> 0 | H61: 0.04 | I61: =+H61*F61 -> 0
A62: 3026745 | B62: Gliss Ultimate Repair 250ml | C62: 12 | D62: 378.5 | F62: =C62*D62*E62 -> 0 | H62: 0.04 | I62: =+H62*F62 -> 0
A63: 3026747 | B63: Gliss Aqua Revive 250ml | C63: 12 | D63: 378.5 | F63: =C63*D63*E63 -> 0 | H63: 0.04 | I63: =+H63*F63 -> 0
A64: 3026748 | B64: Gliss Oil Nutritive 250ml | C64: 12 | D64: 378.5 | F64: =C64*D64*E64 -> 0 | H64: 0.04 | I64: =+H64*F64 -> 0
A65: 3026746 | B65: Gliss Supreme Length 250ml | C65: 12 | D65: 378.5 | F65: =C65*D65*E65 -> 0 | H65: 0.04 | I65: =+H65*F65 -> 0
A66: 3026749 | B66: Gliss Aqua Revive 200ml | C66: 6 | D66: 379 | F66: =C66*D66*E66 -> 0 | H66: 0.04 | I66: =+H66*F66 -> 0
A67: 3026771 | B67: Gliss Oil Nutritive 200ml | C67: 6 | D67: 379 | F67: =C67*D67*E67 -> 0 | H67: 0.04 | I67: =+H67*F67 -> 0
... A72: 1250003 | B72: Le Chat Liquide Machine 2.5L Rose - Including TPR | C72: 4 | D72: 725 | F72: =C72*D72*E72 -> 0 | H72: 0.06 | I72: =+H72*F72 -> 0
A73: 3072880 | B73: Pril isis 1,25L l limited edition | C73: 12 | D73: 284 | F73: =C73*D73*E73 -> 0 | I73: =+H73*F73 -> 0
B74: TOTAL CARTONS | D74: =SUM(E14:E73) -> 0 | E74: TTC | F74: =SUM(F12:F73) -> 0 | G74: =SUM(G12:G73) -> 0 | I74: =SUM(I12:I73) -> 0
E75: REMISE | F75: =+I74 -> 0
E76: NET | F76: =+F74-F75 -> 0

Sheet 9
A1: SARL ANDROMEDE DISTRIBUTION
A2: CITE CHAABIA LOT 16 SECTION 02 BIR TOUTA, ALGER.
A3: R-C : 16/00-1010272 B15 I-F : 001516101027219 ART : 16360128161 N° TEL : 0555048930
A5: BON DE LIVRAISON
A7: CLIENT :
A8: ADRESSE :
A9: DATE : | B9: =+'BON DE PREPARATION'!B9 -> 08 07 2023 | D9: LIVREUR :
A11: Code IDH | B11: PRODUITS | C11: Qté/Crt | D11: P.U. | E11: Qté. Vendu | F11: Montant TTC | G11: REMISE SALES BUZZ | H11: % REMISE | I11: REMISE
A12: 2682282 | B12: Le Chat Premium RL 2.5L | C12: 4 | D12: 995 | F12: =C12*D12*E12 -> 0 | H12: 0.06 | I12: =+H12*F12 -> 0
A13: 3035219 | B13: Le Chat LS BAG 2.5kg PROMO | C13: 4 | D13: 695 | F13: =C13*D13*E13 -> 0 | H13: 0.04 | I13: =+H13*F13 -> 0
A14: 3051094 | B14: Bref Moussant 1,75L | C14: 6 | D14: 226 | F14: =C14*D14*E14 -> 0 | H14: 0.04 | I14: =+H14*F14 -> 0
A15: 2823409 | B15: ISIS HS POWDER SDM 300GR LIMITLESS | C15: 25 | D15: 90 | F15: =C15*D15*E15 -> 0 | H15: 0.06 | I15: =+H15*F15 -> 0
A16: 3072722 | B16: BREF Trigger multi-surface 490ml | C16: 12 | D16: 221 | F16: =C16*D16*E16 -> 0 | I16: =+H16*F16 -> 0
A17: 3022693 | B17: Pril ISIS Cold Power 3L Promo | C17: 4 | D17: 595 | F17: =C17*D17*E17 -> 0 | I17: =+H17*F17 -> 0
A18: 2875891 | B18: ISIS HS 300g LEMON LIMITLESS | C18: 25 | D18: 90 | F18: =C18*D18*E18 -> 0 | H18: 0.06 | I18: =+H18*F18 -> 0
A19: 2875892 | B19: ISIS HS 750g LEMON LIMITLESS | C19: 12 | D19: 213 | F19: =C19*D19*E19 -> 0 | H19: 0.06 | I19: =+H19*F19 -> 0
A20: 2875893 | B20: ISIS HS 1,5Kg LEMON LIMITLESS | C20: 8 | D20: 417 | F20: =C20*D20*E20 -> 0 | H20: 0.06 | I20: =+H20*F20 -> 0
A21: 2910278 | B21: Nettoyant Moussant Javelisé 900ml | C21: 12 | D21: 123.5 | F21: =C21*D21*E21 -> 0 | H21: 0.04 | I21: =+H21*F21 -> 0
A22: 2943549 | B22: Pril ISIS Antibactérien 650ML Lemon | C22: 12 | D22: 168 | F22: =C22*D22*E22 -> 0 | I22: =+H22*F22 -> 0
A23: 2951994 | B23: Le Chat Rose 2,5L ADV23 | C23: 4 | D23: 810 | F23: =C23*D23*E23 -> 0 | H23: 0.06 | I23: =+H23*F23 -> 0
A24: 2952074 | B24: Le Chat Regular 2,5L ADV23 | C24: 4 | D24: 810 | F24: =C24*D24*E24 -> 0 | H24: 0.06 | I24: =+H24*F24 -> 0
A25: 2952081 | B25: Le Chat SDM 2,5L ADV23 | C25: 4 | D25: 810 | F25: =C25*D25*E25 -> 0 | H25: 0.06 | I25: =+H25*F25 -> 0
A26: 2952089 | B26: Le Chat Regular 1L ADV23 | C26: 10 | D26: 377 | F26: =C26*D26*E26 -> 0 | H26: 0.06 | I26: =+H26*F26 -> 0
A27: 2952090 | B27: Le Chat Rose 1L ADV23 | C27: 10 | D27: 377 | F27: =C27*D27*E27 -> 0 | H27: 0.06 | I27: =+H27*F27 -> 0
A28: 3035242 | B28: Le chat HDLD 4L ADV 23 non promo | C28: 3 | D28: 1145 | F28: =C28*D28*E28 -> 0 | H28: 0.06 | I28: =+H28*F28 -> 0
A29: 2958928 | B29: Le Chat 2,5kg bag ADV23 | C29: 4 | D29: 792 | F29: =C29*D29*E29 -> 0 | H29: 0.04 | I29: =+H29*F29 -> 0
A30: 2958931 | B30: Le Chat HS Gel 1L ADV23 | C30: 10 | D30: 331 | F30: =C30*D30*E30 -> 0 | H30: 0.04 | I30: =+H30*F30 -> 0
A31: 2958932 | B31: Le Chat HS 300gr ADV23 | C31: 25 | D31: 100 | F31: =C31*D31*E31 -> 0 | H31: 0.04 | I31: =+H31*F31 -> 0
A32: 2958933 | B32: Le Chat HS 750gr ADV23 | C32: 12 | D32: 233 | F32: =C32*D32*E32 -> 0 | H32: 0.04 | I32: =+H32*F32 -> 0
A33: 2970224 | B33: Pril Isis ultra power 1.25L | C33: 12 | D33: 284 | F33: =C33*D33*E33 -> 0 | I33: =+H33*F33 -> 0
A34: 2970482 | B34: Pril Isis ultra power 650ml | C34: 12 | D34: 168 | F34: =C34*D34*E34 -> 0 | I34: =+H34*F34 -> 0
A35: 2975112 | B35: Pril Isis ultra power 3 L | C35: 4 | D35: 664 | F35: =C35*D35*E35 -> 0 | I35: =+H35*F35 -> 0
A36: 2993253 | B36: Bref Triggers Cuisine 500ml | C36: 10 | D36: 221 | F36: =C36*D36*E36 -> 0 | I36: =+H36*F36 -> 0
A37: 2993256 | B37: ISIS Gold 5en1 300g | C37: 25 | D37: 90 | F37: =C37*D37*E37 -> 0 | H37: 0.06 | I37: =+H37*F37 -> 0
A38: 3002104 | B38: ISIS LS bag 2.5kg Lemon | C38: 4 | D38: 723 | F38: =C38*D38*E38 -> 0 | H38: 0.04 | I38: =+H38*F38 -> 0
A39: 3004676 | B39: ISIS gel machine universel 2.5L | C39: 4 | D39: 510 | F39: =C39*D39*E39 -> 0 | H39: 0.04 | I39: =+H39*F39 -> 0
A40: 3004679 | B40: ISIS gel machine universal 900ml | C40: 10 | D40: 265 | F40: =C40*D40*E40 -> 0 | H40: 0.04 | I40: =+H40*F40 -> 0
A41: 3011702 | B41: Bref javel pure power 900mL-DZ | C41: 12 | D41: 86 | F41: =C41*D41*E41 -> 0 | H41: 0.04 | I41: =+H41*F41 -> 0
A42: 3013691 | B42: Bref javel regular pure power 1,75L | C42: 6 | D42: 154 | F42: =C42*D42*E42 -> 0 | H42: 0.04 | I42: =+H42*F42 -> 0
A43: 3013692 | B43: Pril ISIS antibactérien 1.25L | C43: 12 | D43: 284 | F43: =C43*D43*E43 -> 0 | I43: =+H43*F43 -> 0
A44: 3014424 | B44: Le Chat Premium 1L LS GEL | C44: 10 | D44: 426 | F44: =C44*D44*E44 -> 0 | I44: =+H44*F44 -> 0
A45: 3019788 | B45: Pril isis antibac 1250ml promo | C45: 12 | D45: 267 | F45: =C45*D45*E45 -> 0 | I45: =+H45*F45 -> 0
A46: 3019789 | B46: Pril isis ultra power 1250ml promo | C46: 12 | D46: 267 | F46: =C46*D46*E46 -> 0 | I46: =+H46*F46 -> 0
A47: 3019821 | B47: Pril isis ultrapower 650ml promo | C47: 12 | D47: 156 | F47: =C47*D47*E47 -> 0 | I47: =+H47*F47 -> 0
A48: 3019822 | B48: Pril isis antibac 650ml promo | C48: 12 | D48: 156 | F48: =C48*D48*E48 -> 0 | I48: =+H48*F48 -> 0
A49: 3023685 | B49: Isis Bouquet 950ml Blan jasmin | C49: 12 | D49: 151 | F49: =C49*D49*E49 -> 0 | H49: 0.06 | I49: =+H49*F49 -> 0
A50: 3023684 | B50: isis Bouquet 950ml Rose | C50: 12 | D50: 151 | F50: =C50*D50*E50 -> 0 | H50: 0.06 | I50: =+H50*F50 -> 0
A51: 3021473 | B51: isis Bouquet 950ml Lavande | C51: 12 | D51: 151 | F51: =C51*D51*E51 -> 0 | H51: 0.06 | I51: =+H51*F51 -> 0
A52: 3030417 | B52: ISIS GOLD 5 en 1 HS 750g | C52: 12 | D52: 213 | F52: =C52*D52*E52 -> 0 | H52: 0.06 | I52: =+H52*F52 -> 0
A53: 3030426 | B53: Le Chat HS 1,5 KG ADV23 | C53: 8 | D53: 415 | F53: =C53*D53*E53 -> 0 | H53: 0.04 | I53: =+H53*F53 -> 0
A54: 3030254 | B54: ISIS Machine 2.5 kg Bag Promo Price OFF | C54: 4 | D54: 605 | F54: =C54*D54*E54 -> 0 | H54: 0.04 | I54: =+H54*F54 -> 0
A55: 3075606 | B55: Pril isis 650ml limited edition | C55: 12 | D55: 168 | F55: =C55*D55*E55 -> 0 | I55: =+H55*F55 -> 0
A56: 3051115 | B56: Le Chat HS Rose 750gr ADV23 | C56: 12 | D56: 233 | F56: =C56*D56*E56 -> 0 | H56: 0.04 | I56: =+H56*F56 -> 0
A57: 3051116 | B57: Le Chat HS Rose 300gr ADV23 | C57: 25 | D57: 100 | F57: =C57*D57*E57 -> 0 | H57: 0.04 | I57: =+H57*F57 -> 0
A58: 3020036 | B58: Promo Le Chat Liquide Machine 2.5L SDM | C58: 4 | D58: 725 | F58: =C58*D58*E58 -> 0 | H58: 0.06 | I58: =+H58*F58 -> 0
A59: 3020066 | B59: Promo Le Chat Liquide Machine 2.5L Rose | C59: 4 | D59: 725 | F59: =C59*D59*E59 -> 0 | H59: 0.06 | I59: =+H59*F59 -> 0
A60: 3021054 | B60: Le Chat Liquide Machine 2.5L (PROMO) | C60: 4 | D60: 725 | F60: =C60*D60*E60 -> 0 | H60: 0.06 | I60: =+H60*F60 -> 0
A61: 3091334 | B61: ISIS GOLD Machine Liquide 2.5L Lavander | C61: 4 | D61: 510 | F61: =C61*D61*E61 -> 0 | H61: 0.04 | I61: =+H61*F61 -> 0
A62: 3026745 | B62: Gliss Ultimate Repair 250ml | C62: 12 | D62: 378.5 | F62: =C62*D62*E62 -> 0 | H62: 0.04 | I62: =+H62*F62 -> 0
A63: 3026747 | B63: Gliss Aqua Revive 250ml | C63: 12 | D63: 378.5 | F63: =C63*D63*E63 -> 0 | H63: 0.04 | I63: =+H63*F63 -> 0
A64: 3026748 | B64: Gliss Oil Nutritive 250ml | C64: 12 | D64: 378.5 | F64: =C64*D64*E64 -> 0 | H64: 0.04 | I64: =+H64*F64 -> 0
A65: 3026746 | B65: Gliss Supreme Length 250ml | C65: 12 | D65: 378.5 | F65: =C65*D65*E65 -> 0 | H65: 0.04 | I65: =+H65*F65 -> 0
A66: 3026749 | B66: Gliss Aqua Revive 200ml | C66: 6 | D66: 379 | F66: =C66*D66*E66 -> 0 | H66: 0.04 | I66: =+H66*F66 -> 0
A67: 3026771 | B67: Gliss Oil Nutritive 200ml | C67: 6 | D67: 379 | F67: =C67*D67*E67 -> 0 | H67: 0.04 | I67: =+H67*F67 -> 0
... A72: 1250003 | B72: Le Chat Liquide Machine 2.5L Rose - Including TPR | C72: 4 | D72: 725 | F72: =C72*D72*E72 -> 0 | H72: 0.06 | I72: =+H72*F72 -> 0
A73: 3072880 | B73: Pril isis 1,25L l limited edition | C73: 12 | D73: 284 | F73: =C73*D73*E73 -> 0 | I73: =+H73*F73 -> 0
B74: TOTAL CARTONS | D74: =SUM(E14:E73) -> 0 | E74: TTC | F74: =SUM(F12:F73) -> 0 | G74: =SUM(G12:G73) -> 0 | I74: =SUM(I12:I73) -> 0
E75: REMISE | F75: =+I74 -> 0
E76: NET | F76: =+F74-F75 -> 0

Sheet 10
A1: SARL ANDROMEDE DISTRIBUTION
A2: CITE CHAABIA LOT 16 SECTION 02 BIR TOUTA, ALGER.
A3: R-C : 16/00-1010272 B15 I-F : 001516101027219 ART : 16360128161 N° TEL : 0555048930
A5: BON DE LIVRAISON
A7: CLIENT :
A8: ADRESSE :
A9: DATE : | B9: =+'BON DE PREPARATION'!B9 -> 08 07 2023 | D9: LIVREUR :
A11: Code IDH | B11: PRODUITS | C11: Qté/Crt | D11: P.U. | E11: Qté. Vendu | F11: Montant TTC | G11: REMISE SALES BUZZ | H11: % REMISE | I11: REMISE
A12: 2682282 | B12: Le Chat Premium RL 2.5L | C12: 4 | D12: 995 | F12: =C12*D12*E12 -> 0 | H12: 0.06 | I12: =+H12*F12 -> 0
A13: 3035219 | B13: Le Chat LS BAG 2.5kg PROMO | C13: 4 | D13: 695 | F13: =C13*D13*E13 -> 0 | H13: 0.04 | I13: =+H13*F13 -> 0
A14: 3051094 | B14: Bref Moussant 1,75L | C14: 6 | D14: 226 | F14: =C14*D14*E14 -> 0 | H14: 0.04 | I14: =+H14*F14 -> 0
A15: 2823409 | B15: ISIS HS POWDER SDM 300GR LIMITLESS | C15: 25 | D15: 90 | F15: =C15*D15*E15 -> 0 | H15: 0.06 | I15: =+H15*F15 -> 0
A16: 3072722 | B16: BREF Trigger multi-surface 490ml | C16: 12 | D16: 221 | F16: =C16*D16*E16 -> 0 | I16: =+H16*F16 -> 0
A17: 3022693 | B17: Pril ISIS Cold Power 3L Promo | C17: 4 | D17: 595 | F17: =C17*D17*E17 -> 0 | I17: =+H17*F17 -> 0
A18: 2875891 | B18: ISIS HS 300g LEMON LIMITLESS | C18: 25 | D18: 90 | F18: =C18*D18*E18 -> 0 | H18: 0.06 | I18: =+H18*F18 -> 0
A19: 2875892 | B19: ISIS HS 750g LEMON LIMITLESS | C19: 12 | D19: 213 | F19: =C19*D19*E19 -> 0 | H19: 0.06 | I19: =+H19*F19 -> 0
A20: 2875893 | B20: ISIS HS 1,5Kg LEMON LIMITLESS | C20: 8 | D20: 417 | F20: =C20*D20*E20 -> 0 | H20: 0.06 | I20: =+H20*F20 -> 0
A21: 2910278 | B21: Nettoyant Moussant Javelisé 900ml | C21: 12 | D21: 123.5 | F21: =C21*D21*E21 -> 0 | H21: 0.04 | I21: =+H21*F21 -> 0
A22: 2943549 | B22: Pril ISIS Antibactérien 650ML Lemon | C22: 12 | D22: 168 | F22: =C22*D22*E22 -> 0 | I22: =+H22*F22 -> 0
A23: 2951994 | B23: Le Chat Rose 2,5L ADV23 | C23: 4 | D23: 810 | F23: =C23*D23*E23 -> 0 | H23: 0.06 | I23: =+H23*F23 -> 0
A24: 2952074 | B24: Le Chat Regular 2,5L ADV23 | C24: 4 | D24: 810 | F24: =C24*D24*E24 -> 0 | H24: 0.06 | I24: =+H24*F24 -> 0
A25: 2952081 | B25: Le Chat SDM 2,5L ADV23 | C25: 4 | D25: 810 | F25: =C25*D25*E25 -> 0 | H25: 0.06 | I25: =+H25*F25 -> 0
A26: 2952089 | B26: Le Chat Regular 1L ADV23 | C26: 10 | D26: 377 | F26: =C26*D26*E26 -> 0 | H26: 0.06 | I26: =+H26*F26 -> 0
A27: 2952090 | B27: Le Chat Rose 1L ADV23 | C27: 10 | D27: 377 | F27: =C27*D27*E27 -> 0 | H27: 0.06 | I27: =+H27*F27 -> 0
A28: 3035242 | B28: Le chat HDLD 4L ADV 23 non promo | C28: 3 | D28: 1145 | F28: =C28*D28*E28 -> 0 | H28: 0.06 | I28: =+H28*F28 -> 0
A29: 2958928 | B29: Le Chat 2,5kg bag ADV23 | C29: 4 | D29: 792 | F29: =C29*D29*E29 -> 0 | H29: 0.04 | I29: =+H29*F29 -> 0
A30: 2958931 | B30: Le Chat HS Gel 1L ADV23 | C30: 10 | D30: 331 | F30: =C30*D30*E30 -> 0 | H30: 0.04 | I30: =+H30*F30 -> 0
A31: 2958932 | B31: Le Chat HS 300gr ADV23 | C31: 25 | D31: 100 | F31: =C31*D31*E31 -> 0 | H31: 0.04 | I31: =+H31*F31 -> 0
A32: 2958933 | B32: Le Chat HS 750gr ADV23 | C32: 12 | D32: 233 | F32: =C32*D32*E32 -> 0 | H32: 0.04 | I32: =+H32*F32 -> 0
A33: 2970224 | B33: Pril Isis ultra power 1.25L | C33: 12 | D33: 284 | F33: =C33*D33*E33 -> 0 | I33: =+H33*F33 -> 0
A34: 2970482 | B34: Pril Isis ultra power 650ml | C34: 12 | D34: 168 | F34: =C34*D34*E34 -> 0 | I34: =+H34*F34 -> 0
A35: 2975112 | B35: Pril Isis ultra power 3 L | C35: 4 | D35: 664 | F35: =C35*D35*E35 -> 0 | I35: =+H35*F35 -> 0
A36: 2993253 | B36: Bref Triggers Cuisine 500ml | C36: 10 | D36: 221 | F36: =C36*D36*E36 -> 0 | I36: =+H36*F36 -> 0
A37: 2993256 | B37: ISIS Gold 5en1 300g | C37: 25 | D37: 90 | F37: =C37*D37*E37 -> 0 | H37: 0.06 | I37: =+H37*F37 -> 0
A38: 3002104 | B38: ISIS LS bag 2.5kg Lemon | C38: 4 | D38: 723 | F38: =C38*D38*E38 -> 0 | H38: 0.04 | I38: =+H38*F38 -> 0
A39: 3004676 | B39: ISIS gel machine universel 2.5L | C39: 4 | D39: 510 | F39: =C39*D39*E39 -> 0 | H39: 0.04 | I39: =+H39*F39 -> 0
A40: 3004679 | B40: ISIS gel machine universal 900ml | C40: 10 | D40: 265 | F40: =C40*D40*E40 -> 0 | H40: 0.04 | I40: =+H40*F40 -> 0
A41: 3011702 | B41: Bref javel pure power 900mL-DZ | C41: 12 | D41: 86 | F41: =C41*D41*E41 -> 0 | H41: 0.04 | I41: =+H41*F41 -> 0
A42: 3013691 | B42: Bref javel regular pure power 1,75L | C42: 6 | D42: 154 | F42: =C42*D42*E42 -> 0 | H42: 0.04 | I42: =+H42*F42 -> 0
A43: 3013692 | B43: Pril ISIS antibactérien 1.25L | C43: 12 | D43: 284 | F43: =C43*D43*E43 -> 0 | I43: =+H43*F43 -> 0
A44: 3014424 | B44: Le Chat Premium 1L LS GEL | C44: 10 | D44: 426 | F44: =C44*D44*E44 -> 0 | I44: =+H44*F44 -> 0
A45: 3019788 | B45: Pril isis antibac 1250ml promo | C45: 12 | D45: 267 | F45: =C45*D45*E45 -> 0 | I45: =+H45*F45 -> 0
A46: 3019789 | B46: Pril isis ultra power 1250ml promo | C46: 12 | D46: 267 | F46: =C46*D46*E46 -> 0 | I46: =+H46*F46 -> 0
A47: 3019821 | B47: Pril isis ultrapower 650ml promo | C47: 12 | D47: 156 | F47: =C47*D47*E47 -> 0 | I47: =+H47*F47 -> 0
A48: 3019822 | B48: Pril isis antibac 650ml promo | C48: 12 | D48: 156 | F48: =C48*D48*E48 -> 0 | I48: =+H48*F48 -> 0
A49: 3023685 | B49: Isis Bouquet 950ml Blan jasmin | C49: 12 | D49: 151 | F49: =C49*D49*E49 -> 0 | H49: 0.06 | I49: =+H49*F49 -> 0
A50: 3023684 | B50: isis Bouquet 950ml Rose | C50: 12 | D50: 151 | F50: =C50*D50*E50 -> 0 | H50: 0.06 | I50: =+H50*F50 -> 0
A51: 3021473 | B51: isis Bouquet 950ml Lavande | C51: 12 | D51: 151 | F51: =C51*D51*E51 -> 0 | H51: 0.06 | I51: =+H51*F51 -> 0
A52: 3030417 | B52: ISIS GOLD 5 en 1 HS 750g | C52: 12 | D52: 213 | F52: =C52*D52*E52 -> 0 | H52: 0.06 | I52: =+H52*F52 -> 0
A53: 3030426 | B53: Le Chat HS 1,5 KG ADV23 | C53: 8 | D53: 415 | F53: =C53*D53*E53 -> 0 | H53: 0.04 | I53: =+H53*F53 -> 0
A54: 3030254 | B54: ISIS Machine 2.5 kg Bag Promo Price OFF | C54: 4 | D54: 605 | F54: =C54*D54*E54 -> 0 | H54: 0.04 | I54: =+H54*F54 -> 0
A55: 3075606 | B55: Pril isis 650ml limited edition | C55: 12 | D55: 168 | F55: =C55*D55*E55 -> 0 | I55: =+H55*F55 -> 0
A56: 3051115 | B56: Le Chat HS Rose 750gr ADV23 | C56: 12 | D56: 233 | F56: =C56*D56*E56 -> 0 | H56: 0.04 | I56: =+H56*F56 -> 0
A57: 3051116 | B57: Le Chat HS Rose 300gr ADV23 | C57: 25 | D57: 100 | F57: =C57*D57*E57 -> 0 | H57: 0.04 | I57: =+H57*F57 -> 0
A58: 3020036 | B58: Promo Le Chat Liquide Machine 2.5L SDM | C58: 4 | D58: 725 | F58: =C58*D58*E58 -> 0 | H58: 0.06 | I58: =+H58*F58 -> 0
A59: 3020066 | B59: Promo Le Chat Liquide Machine 2.5L Rose | C59: 4 | D59: 725 | F59: =C59*D59*E59 -> 0 | H59: 0.06 | I59: =+H59*F59 -> 0
A60: 3021054 | B60: Le Chat Liquide Machine 2.5L (PROMO) | C60: 4 | D60: 725 | F60: =C60*D60*E60 -> 0 | H60: 0.06 | I60: =+H60*F60 -> 0
A61: 3091334 | B61: ISIS GOLD Machine Liquide 2.5L Lavander | C61: 4 | D61: 510 | F61: =C61*D61*E61 -> 0 | H61: 0.04 | I61: =+H61*F61 -> 0
A62: 3026745 | B62: Gliss Ultimate Repair 250ml | C62: 12 | D62: 378.5 | F62: =C62*D62*E62 -> 0 | H62: 0.04 | I62: =+H62*F62 -> 0
A63: 3026747 | B63: Gliss Aqua Revive 250ml | C63: 12 | D63: 378.5 | F63: =C63*D63*E63 -> 0 | H63: 0.04 | I63: =+H63*F63 -> 0
A64: 3026748 | B64: Gliss Oil Nutritive 250ml | C64: 12 | D64: 378.5 | F64: =C64*D64*E64 -> 0 | H64: 0.04 | I64: =+H64*F64 -> 0
A65: 3026746 | B65: Gliss Supreme Length 250ml | C65: 12 | D65: 378.5 | F65: =C65*D65*E65 -> 0 | H65: 0.04 | I65: =+H65*F65 -> 0
A66: 3026749 | B66: Gliss Aqua Revive 200ml | C66: 6 | D66: 379 | F66: =C66*D66*E66 -> 0 | H66: 0.04 | I66: =+H66*F66 -> 0
A67: 3026771 | B67: Gliss Oil Nutritive 200ml | C67: 6 | D67: 379 | F67: =C67*D67*E67 -> 0 | H67: 0.04 | I67: =+H67*F67 -> 0
... A72: 1250003 | B72: Le Chat Liquide Machine 2.5L Rose - Including TPR | C72: 4 | D72: 725 | F72: =C72*D72*E72 -> 0 | H72: 0.06 | I72: =+H72*F72 -> 0
A73: 3072880 | B73: Pril isis 1,25L l limited edition | C73: 12 | D73: 284 | F73: =C73*D73*E73 -> 0 | I73: =+H73*F73 -> 0
B74: TOTAL CARTONS | D74: =SUM(E14:E73) -> 0 | E74: TTC | F74: =SUM(F12:F73) -> 0 | G74: =SUM(G12:G73) -> 0 | I74: =SUM(I12:I73) -> 0
E75: REMISE | F75: =+I74 -> 0
E76: NET | F76: =+F74-F75 -> 0

Sheet 11
A1: SARL ANDROMEDE DISTRIBUTION
A2: CITE CHAABIA LOT 16 SECTION 02 BIR TOUTA, ALGER.
A3: R-C : 16/00-1010272 B15 I-F : 001516101027219 ART : 16360128161 N° TEL : 0555048930
A5: BON DE LIVRAISON
A7: CLIENT :
A8: ADRESSE :
A9: DATE : | B9: =+'BON DE PREPARATION'!B9 -> 08 07 2023 | D9: LIVREUR :
A11: Code IDH | B11: PRODUITS | C11: Qté/Crt | D11: P.U. | E11: Qté. Vendu | F11: Montant TTC | G11: REMISE SALES BUZZ | H11: % REMISE | I11: REMISE
A12: 2682282 | B12: Le Chat Premium RL 2.5L | C12: 4 | D12: 995 | F12: =C12*D12*E12 -> 0 | H12: 0.06 | I12: =+H12*F12 -> 0
A13: 3035219 | B13: Le Chat LS BAG 2.5kg PROMO | C13: 4 | D13: 695 | F13: =C13*D13*E13 -> 0 | H13: 0.04 | I13: =+H13*F13 -> 0
A14: 3051094 | B14: Bref Moussant 1,75L | C14: 6 | D14: 226 | F14: =C14*D14*E14 -> 0 | H14: 0.04 | I14: =+H14*F14 -> 0
A15: 2823409 | B15: ISIS HS POWDER SDM 300GR LIMITLESS | C15: 25 | D15: 90 | F15: =C15*D15*E15 -> 0 | H15: 0.06 | I15: =+H15*F15 -> 0
A16: 3072722 | B16: BREF Trigger multi-surface 490ml | C16: 12 | D16: 221 | F16: =C16*D16*E16 -> 0 | I16: =+H16*F16 -> 0
A17: 3022693 | B17: Pril ISIS Cold Power 3L Promo | C17: 4 | D17: 595 | F17: =C17*D17*E17 -> 0 | I17: =+H17*F17 -> 0
A18: 2875891 | B18: ISIS HS 300g LEMON LIMITLESS | C18: 25 | D18: 90 | F18: =C18*D18*E18 -> 0 | H18: 0.06 | I18: =+H18*F18 -> 0
A19: 2875892 | B19: ISIS HS 750g LEMON LIMITLESS | C19: 12 | D19: 213 | F19: =C19*D19*E19 -> 0 | H19: 0.06 | I19: =+H19*F19 -> 0
A20: 2875893 | B20: ISIS HS 1,5Kg LEMON LIMITLESS | C20: 8 | D20: 417 | F20: =C20*D20*E20 -> 0 | H20: 0.06 | I20: =+H20*F20 -> 0
A21: 2910278 | B21: Nettoyant Moussant Javelisé 900ml | C21: 12 | D21: 123.5 | F21: =C21*D21*E21 -> 0 | H21: 0.04 | I21: =+H21*F21 -> 0
A22: 2943549 | B22: Pril ISIS Antibactérien 650ML Lemon | C22: 12 | D22: 168 | F22: =C22*D22*E22 -> 0 | I22: =+H22*F22 -> 0
A23: 2951994 | B23: Le Chat Rose 2,5L ADV23 | C23: 4 | D23: 810 | F23: =C23*D23*E23 -> 0 | H23: 0.06 | I23: =+H23*F23 -> 0
A24: 2952074 | B24: Le Chat Regular 2,5L ADV23 | C24: 4 | D24: 810 | F24: =C24*D24*E24 -> 0 | H24: 0.06 | I24: =+H24*F24 -> 0
A25: 2952081 | B25: Le Chat SDM 2,5L ADV23 | C25: 4 | D25: 810 | F25: =C25*D25*E25 -> 0 | H25: 0.06 | I25: =+H25*F25 -> 0
A26: 2952089 | B26: Le Chat Regular 1L ADV23 | C26: 10 | D26: 377 | F26: =C26*D26*E26 -> 0 | H26: 0.06 | I26: =+H26*F26 -> 0
A27: 2952090 | B27: Le Chat Rose 1L ADV23 | C27: 10 | D27: 377 | F27: =C27*D27*E27 -> 0 | H27: 0.06 | I27: =+H27*F27 -> 0
A28: 3035242 | B28: Le chat HDLD 4L ADV 23 non promo | C28: 3 | D28: 1145 | F28: =C28*D28*E28 -> 0 | H28: 0.06 | I28: =+H28*F28 -> 0
A29: 2958928 | B29: Le Chat 2,5kg bag ADV23 | C29: 4 | D29: 792 | F29: =C29*D29*E29 -> 0 | H29: 0.04 | I29: =+H29*F29 -> 0
A30: 2958931 | B30: Le Chat HS Gel 1L ADV23 | C30: 10 | D30: 331 | F30: =C30*D30*E30 -> 0 | H30: 0.04 | I30: =+H30*F30 -> 0
A31: 2958932 | B31: Le Chat HS 300gr ADV23 | C31: 25 | D31: 100 | F31: =C31*D31*E31 -> 0 | H31: 0.04 | I31: =+H31*F31 -> 0
A32: 2958933 | B32: Le Chat HS 750gr ADV23 | C32: 12 | D32: 233 | F32: =C32*D32*E32 -> 0 | H32: 0.04 | I32: =+H32*F32 -> 0
A33: 2970224 | B33: Pril Isis ultra power 1.25L | C33: 12 | D33: 284 | F33: =C33*D33*E33 -> 0 | I33: =+H33*F33 -> 0
A34: 2970482 | B34: Pril Isis ultra power 650ml | C34: 12 | D34: 168 | F34: =C34*D34*E34 -> 0 | I34: =+H34*F34 -> 0
A35: 2975112 | B35: Pril Isis ultra power 3 L | C35: 4 | D35: 664 | F35: =C35*D35*E35 -> 0 | I35: =+H35*F35 -> 0
A36: 2993253 | B36: Bref Triggers Cuisine 500ml | C36: 10 | D36: 221 | F36: =C36*D36*E36 -> 0 | I36: =+H36*F36 -> 0
A37: 2993256 | B37: ISIS Gold 5en1 300g | C37: 25 | D37: 90 | F37: =C37*D37*E37 -> 0 | H37: 0.06 | I37: =+H37*F37 -> 0
A38: 3002104 | B38: ISIS LS bag 2.5kg Lemon | C38: 4 | D38: 723 | F38: =C38*D38*E38 -> 0 | H38: 0.04 | I38: =+H38*F38 -> 0
A39: 3004676 | B39: ISIS gel machine universel 2.5L | C39: 4 | D39: 510 | F39: =C39*D39*E39 -> 0 | H39: 0.04 | I39: =+H39*F39 -> 0
A40: 3004679 | B40: ISIS gel machine universal 900ml | C40: 10 | D40: 265 | F40: =C40*D40*E40 -> 0 | H40: 0.04 | I40: =+H40*F40 -> 0
A41: 3011702 | B41: Bref javel pure power 900mL-DZ | C41: 12 | D41: 86 | F41: =C41*D41*E41 -> 0 | H41: 0.04 | I41: =+H41*F41 -> 0
A42: 3013691 | B42: Bref javel regular pure power 1,75L | C42: 6 | D42: 154 | F42: =C42*D42*E42 -> 0 | H42: 0.04 | I42: =+H42*F42 -> 0
A43: 3013692 | B43: Pril ISIS antibactérien 1.25L | C43: 12 | D43: 284 | F43: =C43*D43*E43 -> 0 | I43: =+H43*F43 -> 0
A44: 3014424 | B44: Le Chat Premium 1L LS GEL | C44: 10 | D44: 426 | F44: =C44*D44*E44 -> 0 | I44: =+H44*F44 -> 0
A45: 3019788 | B45: Pril isis antibac 1250ml promo | C45: 12 | D45: 267 | F45: =C45*D45*E45 -> 0 | I45: =+H45*F45 -> 0
A46: 3019789 | B46: Pril isis ultra power 1250ml promo | C46: 12 | D46: 267 | F46: =C46*D46*E46 -> 0 | I46: =+H46*F46 -> 0
A47: 3019821 | B47: Pril isis ultrapower 650ml promo | C47: 12 | D47: 156 | F47: =C47*D47*E47 -> 0 | I47: =+H47*F47 -> 0
A48: 3019822 | B48: Pril isis antibac 650ml promo | C48: 12 | D48: 156 | F48: =C48*D48*E48 -> 0 | I48: =+H48*F48 -> 0
A49: 3023685 | B49: Isis Bouquet 950ml Blan jasmin | C49: 12 | D49: 151 | F49: =C49*D49*E49 -> 0 | H49: 0.06 | I49: =+H49*F49 -> 0
A50: 3023684 | B50: isis Bouquet 950ml Rose | C50: 12 | D50: 151 | F50: =C50*D50*E50 -> 0 | H50: 0.06 | I50: =+H50*F50 -> 0
A51: 3021473 | B51: isis Bouquet 950ml Lavande | C51: 12 | D51: 151 | F51: =C51*D51*E51 -> 0 | H51: 0.06 | I51: =+H51*F51 -> 0
A52: 3030417 | B52: ISIS GOLD 5 en 1 HS 750g | C52: 12 | D52: 213 | F52: =C52*D52*E52 -> 0 | H52: 0.06 | I52: =+H52*F52 -> 0
A53: 3030426 | B53: Le Chat HS 1,5 KG ADV23 | C53: 8 | D53: 415 | F53: =C53*D53*E53 -> 0 | H53: 0.04 | I53: =+H53*F53 -> 0
A54: 3030254 | B54: ISIS Machine 2.5 kg Bag Promo Price OFF | C54: 4 | D54: 605 | F54: =C54*D54*E54 -> 0 | H54: 0.04 | I54: =+H54*F54 -> 0
A55: 3075606 | B55: Pril isis 650ml limited edition | C55: 12 | D55: 168 | F55: =C55*D55*E55 -> 0 | I55: =+H55*F55 -> 0
A56: 3051115 | B56: Le Chat HS Rose 750gr ADV23 | C56: 12 | D56: 233 | F56: =C56*D56*E56 -> 0 | H56: 0.04 | I56: =+H56*F56 -> 0
A57: 3051116 | B57: Le Chat HS Rose 300gr ADV23 | C57: 25 | D57: 100 | F57: =C57*D57*E57 -> 0 | H57: 0.04 | I57: =+H57*F57 -> 0
A58: 3020036 | B58: Promo Le Chat Liquide Machine 2.5L SDM | C58: 4 | D58: 725 | F58: =C58*D58*E58 -> 0 | H58: 0.06 | I58: =+H58*F58 -> 0
A59: 3020066 | B59: Promo Le Chat Liquide Machine 2.5L Rose | C59: 4 | D59: 725 | F59: =C59*D59*E59 -> 0 | H59: 0.06 | I59: =+H59*F59 -> 0
A60: 3021054 | B60: Le Chat Liquide Machine 2.5L (PROMO) | C60: 4 | D60: 725 | F60: =C60*D60*E60 -> 0 | H60: 0.06 | I60: =+H60*F60 -> 0
A61: 3091334 | B61: ISIS GOLD Machine Liquide 2.5L Lavander | C61: 4 | D61: 510 | F61: =C61*D61*E61 -> 0 | H61: 0.04 | I61: =+H61*F61 -> 0
A62: 3026745 | B62: Gliss Ultimate Repair 250ml | C62: 12 | D62: 378.5 | F62: =C62*D62*E62 -> 0 | H62: 0.04 | I62: =+H62*F62 -> 0
A63: 3026747 | B63: Gliss Aqua Revive 250ml | C63: 12 | D63: 378.5 | F63: =C63*D63*E63 -> 0 | H63: 0.04 | I63: =+H63*F63 -> 0
A64: 3026748 | B64: Gliss Oil Nutritive 250ml | C64: 12 | D64: 378.5 | F64: =C64*D64*E64 -> 0 | H64: 0.04 | I64: =+H64*F64 -> 0
A65: 3026746 | B65: Gliss Supreme Length 250ml | C65: 12 | D65: 378.5 | F65: =C65*D65*E65 -> 0 | H65: 0.04 | I65: =+H65*F65 -> 0
A66: 3026749 | B66: Gliss Aqua Revive 200ml | C66: 6 | D66: 379 | F66: =C66*D66*E66 -> 0 | H66: 0.04 | I66: =+H66*F66 -> 0
A67: 3026771 | B67: Gliss Oil Nutritive 200ml | C67: 6 | D67: 379 | F67: =C67*D67*E67 -> 0 | H67: 0.04 | I67: =+H67*F67 -> 0
... A72: 1250003 | B72: Le Chat Liquide Machine 2.5L Rose - Including TPR | C72: 4 | D72: 725 | F72: =C72*D72*E72 -> 0 | H72: 0.06 | I72: =+H72*F72 -> 0
A73: 3072880 | B73: Pril isis 1,25L l limited edition | C73: 12 | D73: 284 | F73: =C73*D73*E73 -> 0 | I73: =+H73*F73 -> 0
B74: TOTAL CARTONS | D74: =SUM(E14:E73) -> 0 | E74: TTC | F74: =SUM(F12:F73) -> 0 | G74: =SUM(G12:G73) -> 0 | I74: =SUM(I12:I73) -> 0
E75: REMISE | F75: =+I74 -> 0
E76: NET | F76: =+F74-F75 -> 0

Sheet 12
A1: SARL ANDROMEDE DISTRIBUTION
A2: CITE CHAABIA LOT 16 SECTION 02 BIR TOUTA, ALGER.
A3: R-C : 16/00-1010272 B15 I-F : 001516101027219 ART : 16360128161 N° TEL : 0555048930
A5: BON DE LIVRAISON
A7: CLIENT :
A8: ADRESSE :
A9: DATE : | B9: =+'BON DE PREPARATION'!B9 -> 08 07 2023 | D9: LIVREUR :
A11: Code IDH | B11: PRODUITS | C11: Qté/Crt | D11: P.U. | E11: Qté. Vendu | F11: Montant TTC | G11: REMISE SALES BUZZ | H11: % REMISE | I11: REMISE
A12: 2682282 | B12: Le Chat Premium RL 2.5L | C12: 4 | D12: 995 | F12: =C12*D12*E12 -> 0 | H12: 0.06 | I12: =+H12*F12 -> 0
A13: 3035219 | B13: Le Chat LS BAG 2.5kg PROMO | C13: 4 | D13: 695 | F13: =C13*D13*E13 -> 0 | H13: 0.04 | I13: =+H13*F13 -> 0
A14: 3051094 | B14: Bref Moussant 1,75L | C14: 6 | D14: 226 | F14: =C14*D14*E14 -> 0 | H14: 0.04 | I14: =+H14*F14 -> 0
A15: 2823409 | B15: ISIS HS POWDER SDM 300GR LIMITLESS | C15: 25 | D15: 90 | F15: =C15*D15*E15 -> 0 | H15: 0.06 | I15: =+H15*F15 -> 0
A16: 3072722 | B16: BREF Trigger multi-surface 490ml | C16: 12 | D16: 221 | F16: =C16*D16*E16 -> 0 | I16: =+H16*F16 -> 0
A17: 3022693 | B17: Pril ISIS Cold Power 3L Promo | C17: 4 | D17: 595 | F17: =C17*D17*E17 -> 0 | I17: =+H17*F17 -> 0
A18: 2875891 | B18: ISIS HS 300g LEMON LIMITLESS | C18: 25 | D18: 90 | F18: =C18*D18*E18 -> 0 | H18: 0.06 | I18: =+H18*F18 -> 0
A19: 2875892 | B19: ISIS HS 750g LEMON LIMITLESS | C19: 12 | D19: 213 | F19: =C19*D19*E19 -> 0 | H19: 0.06 | I19: =+H19*F19 -> 0
A20: 2875893 | B20: ISIS HS 1,5Kg LEMON LIMITLESS | C20: 8 | D20: 417 | F20: =C20*D20*E20 -> 0 | H20: 0.06 | I20: =+H20*F20 -> 0
A21: 2910278 | B21: Nettoyant Moussant Javelisé 900ml | C21: 12 | D21: 123.5 | F21: =C21*D21*E21 -> 0 | H21: 0.04 | I21: =+H21*F21 -> 0
A22: 2943549 | B22: Pril ISIS Antibactérien 650ML Lemon | C22: 12 | D22: 168 | F22: =C22*D22*E22 -> 0 | I22: =+H22*F22 -> 0
A23: 2951994 | B23: Le Chat Rose 2,5L ADV23 | C23: 4 | D23: 810 | F23: =C23*D23*E23 -> 0 | H23: 0.06 | I23: =+H23*F23 -> 0
A24: 2952074 | B24: Le Chat Regular 2,5L ADV23 | C24: 4 | D24: 810 | F24: =C24*D24*E24 -> 0 | H24: 0.06 | I24: =+H24*F24 -> 0
A25: 2952081 | B25: Le Chat SDM 2,5L ADV23 | C25: 4 | D25: 810 | F25: =C25*D25*E25 -> 0 | H25: 0.06 | I25: =+H25*F25 -> 0
A26: 2952089 | B26: Le Chat Regular 1L ADV23 | C26: 10 | D26: 377 | F26: =C26*D26*E26 -> 0 | H26: 0.06 | I26: =+H26*F26 -> 0
A27: 2952090 | B27: Le Chat Rose 1L ADV23 | C27: 10 | D27: 377 | F27: =C27*D27*E27 -> 0 | H27: 0.06 | I27: =+H27*F27 -> 0
A28: 3035242 | B28: Le chat HDLD 4L ADV 23 non promo | C28: 3 | D28: 1145 | F28: =C28*D28*E28 -> 0 | H28: 0.06 | I28: =+H28*F28 -> 0
A29: 2958928 | B29: Le Chat 2,5kg bag ADV23 | C29: 4 | D29: 792 | F29: =C29*D29*E29 -> 0 | H29: 0.04 | I29: =+H29*F29 -> 0
A30: 2958931 | B30: Le Chat HS Gel 1L ADV23 | C30: 10 | D30: 331 | F30: =C30*D30*E30 -> 0 | H30: 0.04 | I30: =+H30*F30 -> 0
A31: 2958932 | B31: Le Chat HS 300gr ADV23 | C31: 25 | D31: 100 | F31: =C31*D31*E31 -> 0 | H31: 0.04 | I31: =+H31*F31 -> 0
A32: 2958933 | B32: Le Chat HS 750gr ADV23 | C32: 12 | D32: 233 | F32: =C32*D32*E32 -> 0 | H32: 0.04 | I32: =+H32*F32 -> 0
A33: 2970224 | B33: Pril Isis ultra power 1.25L | C33: 12 | D33: 284 | F33: =C33*D33*E33 -> 0 | I33: =+H33*F33 -> 0
A34: 2970482 | B34: Pril Isis ultra power 650ml | C34: 12 | D34: 168 | F34: =C34*D34*E34 -> 0 | I34: =+H34*F34 -> 0
A35: 2975112 | B35: Pril Isis ultra power 3 L | C35: 4 | D35: 664 | F35: =C35*D35*E35 -> 0 | I35: =+H35*F35 -> 0
A36: 2993253 | B36: Bref Triggers Cuisine 500ml | C36: 10 | D36: 221 | F36: =C36*D36*E36 -> 0 | I36: =+H36*F36 -> 0
A37: 2993256 | B37: ISIS Gold 5en1 300g | C37: 25 | D37: 90 | F37: =C37*D37*E37 -> 0 | H37: 0.06 | I37: =+H37*F37 -> 0
A38: 3002104 | B38: ISIS LS bag 2.5kg Lemon | C38: 4 | D38: 723 | F38: =C38*D38*E38 -> 0 | H38: 0.04 | I38: =+H38*F38 -> 0
A39: 3004676 | B39: ISIS gel machine universel 2.5L | C39: 4 | D39: 510 | F39: =C39*D39*E39 -> 0 | H39: 0.04 | I39: =+H39*F39 -> 0
A40: 3004679 | B40: ISIS gel machine universal 900ml | C40: 10 | D40: 265 | F40: =C40*D40*E40 -> 0 | H40: 0.04 | I40: =+H40*F40 -> 0
A41: 3011702 | B41: Bref javel pure power 900mL-DZ | C41: 12 | D41: 86 | F41: =C41*D41*E41 -> 0 | H41: 0.04 | I41: =+H41*F41 -> 0
A42: 3013691 | B42: Bref javel regular pure power 1,75L | C42: 6 | D42: 154 | F42: =C42*D42*E42 -> 0 | H42: 0.04 | I42: =+H42*F42 -> 0
A43: 3013692 | B43: Pril ISIS antibactérien 1.25L | C43: 12 | D43: 284 | F43: =C43*D43*E43 -> 0 | I43: =+H43*F43 -> 0
A44: 3014424 | B44: Le Chat Premium 1L LS GEL | C44: 10 | D44: 426 | F44: =C44*D44*E44 -> 0 | I44: =+H44*F44 -> 0
A45: 3019788 | B45: Pril isis antibac 1250ml promo | C45: 12 | D45: 267 | F45: =C45*D45*E45 -> 0 | I45: =+H45*F45 -> 0
A46: 3019789 | B46: Pril isis ultra power 1250ml promo | C46: 12 | D46: 267 | F46: =C46*D46*E46 -> 0 | I46: =+H46*F46 -> 0
A47: 3019821 | B47: Pril isis ultrapower 650ml promo | C47: 12 | D47: 156 | F47: =C47*D47*E47 -> 0 | I47: =+H47*F47 -> 0
A48: 3019822 | B48: Pril isis antibac 650ml promo | C48: 12 | D48: 156 | F48: =C48*D48*E48 -> 0 | I48: =+H48*F48 -> 0
A49: 3023685 | B49: Isis Bouquet 950ml Blan jasmin | C49: 12 | D49: 151 | F49: =C49*D49*E49 -> 0 | H49: 0.06 | I49: =+H49*F49 -> 0
A50: 3023684 | B50: isis Bouquet 950ml Rose | C50: 12 | D50: 151 | F50: =C50*D50*E50 -> 0 | H50: 0.06 | I50: =+H50*F50 -> 0
A51: 3021473 | B51: isis Bouquet 950ml Lavande | C51: 12 | D51: 151 | F51: =C51*D51*E51 -> 0 | H51: 0.06 | I51: =+H51*F51 -> 0
A52: 3030417 | B52: ISIS GOLD 5 en 1 HS 750g | C52: 12 | D52: 213 | F52: =C52*D52*E52 -> 0 | H52: 0.06 | I52: =+H52*F52 -> 0
A53: 3030426 | B53: Le Chat HS 1,5 KG ADV23 | C53: 8 | D53: 415 | F53: =C53*D53*E53 -> 0 | H53: 0.04 | I53: =+H53*F53 -> 0
A54: 3030254 | B54: ISIS Machine 2.5 kg Bag Promo Price OFF | C54: 4 | D54: 605 | F54: =C54*D54*E54 -> 0 | H54: 0.04 | I54: =+H54*F54 -> 0
A55: 3075606 | B55: Pril isis 650ml limited edition | C55: 12 | D55: 168 | F55: =C55*D55*E55 -> 0 | I55: =+H55*F55 -> 0
A56: 3051115 | B56: Le Chat HS Rose 750gr ADV23 | C56: 12 | D56: 233 | F56: =C56*D56*E56 -> 0 | H56: 0.04 | I56: =+H56*F56 -> 0
A57: 3051116 | B57: Le Chat HS Rose 300gr ADV23 | C57: 25 | D57: 100 | F57: =C57*D57*E57 -> 0 | H57: 0.04 | I57: =+H57*F57 -> 0
A58: 3020036 | B58: Promo Le Chat Liquide Machine 2.5L SDM | C58: 4 | D58: 725 | F58: =C58*D58*E58 -> 0 | H58: 0.06 | I58: =+H58*F58 -> 0
A59: 3020066 | B59: Promo Le Chat Liquide Machine 2.5L Rose | C59: 4 | D59: 725 | F59: =C59*D59*E59 -> 0 | H59: 0.06 | I59: =+H59*F59 -> 0
A60: 3021054 | B60: Le Chat Liquide Machine 2.5L (PROMO) | C60: 4 | D60: 725 | F60: =C60*D60*E60 -> 0 | H60: 0.06 | I60: =+H60*F60 -> 0
A61: 3091334 | B61: ISIS GOLD Machine Liquide 2.5L Lavander | C61: 4 | D61: 510 | F61: =C61*D61*E61 -> 0 | H61: 0.04 | I61: =+H61*F61 -> 0
A62: 3026745 | B62: Gliss Ultimate Repair 250ml | C62: 12 | D62: 378.5 | F62: =C62*D62*E62 -> 0 | H62: 0.04 | I62: =+H62*F62 -> 0
A63: 3026747 | B63: Gliss Aqua Revive 250ml | C63: 12 | D63: 378.5 | F63: =C63*D63*E63 -> 0 | H63: 0.04 | I63: =+H63*F63 -> 0
A64: 3026748 | B64: Gliss Oil Nutritive 250ml | C64: 12 | D64: 378.5 | F64: =C64*D64*E64 -> 0 | H64: 0.04 | I64: =+H64*F64 -> 0
A65: 3026746 | B65: Gliss Supreme Length 250ml | C65: 12 | D65: 378.5 | F65: =C65*D65*E65 -> 0 | H65: 0.04 | I65: =+H65*F65 -> 0
A66: 3026749 | B66: Gliss Aqua Revive 200ml | C66: 6 | D66: 379 | F66: =C66*D66*E66 -> 0 | H66: 0.04 | I66: =+H66*F66 -> 0
A67: 3026771 | B67: Gliss Oil Nutritive 200ml | C67: 6 | D67: 379 | F67: =C67*D67*E67 -> 0 | H67: 0.04 | I67: =+H67*F67 -> 0
... A72: 1250003 | B72: Le Chat Liquide Machine 2.5L Rose - Including TPR | C72: 4 | D72: 725 | F72: =C72*D72*E72 -> 0 | H72: 0.06 | I72: =+H72*F72 -> 0
A73: 3072880 | B73: Pril isis 1,25L l limited edition | C73: 12 | D73: 284 | F73: =C73*D73*E73 -> 0 | I73: =+H73*F73 -> 0
B74: TOTAL CARTONS | D74: =SUM(E14:E73) -> 0 | E74: TTC | F74: =SUM(F12:F73) -> 0 | G74: =SUM(G12:G73) -> 0 | I74: =SUM(I12:I73) -> 0
E75: REMISE | F75: =+I74 -> 0
E76: NET | F76: =+F74-F75 -> 0

Sheet 13
A1: SARL ANDROMEDE DISTRIBUTION
A2: CITE CHAABIA LOT 16 SECTION 02 BIR TOUTA, ALGER.
A3: R-C : 16/00-1010272 B15 I-F : 001516101027219 ART : 16360128161 N° TEL : 0555048930
A5: BON DE LIVRAISON
A7: CLIENT :
A8: ADRESSE :
A9: DATE : | B9: =+'BON DE PREPARATION'!B9 -> 08 07 2023 | D9: LIVREUR :
A11: Code IDH | B11: PRODUITS | C11: Qté/Crt | D11: P.U. | E11: Qté. Vendu | F11: Montant TTC | G11: REMISE SALES BUZZ | H11: % REMISE | I11: REMISE
A12: 2682282 | B12: Le Chat Premium RL 2.5L | C12: 4 | D12: 995 | F12: =C12*D12*E12 -> 0 | H12: 0.06 | I12: =+H12*F12 -> 0
A13: 3035219 | B13: Le Chat LS BAG 2.5kg PROMO | C13: 4 | D13: 695 | F13: =C13*D13*E13 -> 0 | H13: 0.04 | I13: =+H13*F13 -> 0
A14: 3051094 | B14: Bref Moussant 1,75L | C14: 6 | D14: 226 | F14: =C14*D14*E14 -> 0 | H14: 0.04 | I14: =+H14*F14 -> 0
A15: 2823409 | B15: ISIS HS POWDER SDM 300GR LIMITLESS | C15: 25 | D15: 90 | F15: =C15*D15*E15 -> 0 | H15: 0.06 | I15: =+H15*F15 -> 0
A16: 3072722 | B16: BREF Trigger multi-surface 490ml | C16: 12 | D16: 221 | F16: =C16*D16*E16 -> 0 | I16: =+H16*F16 -> 0
A17: 3022693 | B17: Pril ISIS Cold Power 3L Promo | C17: 4 | D17: 595 | F17: =C17*D17*E17 -> 0 | I17: =+H17*F17 -> 0
A18: 2875891 | B18: ISIS HS 300g LEMON LIMITLESS | C18: 25 | D18: 90 | F18: =C18*D18*E18 -> 0 | H18: 0.06 | I18: =+H18*F18 -> 0
A19: 2875892 | B19: ISIS HS 750g LEMON LIMITLESS | C19: 12 | D19: 213 | F19: =C19*D19*E19 -> 0 | H19: 0.06 | I19: =+H19*F19 -> 0
A20: 2875893 | B20: ISIS HS 1,5Kg LEMON LIMITLESS | C20: 8 | D20: 417 | F20: =C20*D20*E20 -> 0 | H20: 0.06 | I20: =+H20*F20 -> 0
A21: 2910278 | B21: Nettoyant Moussant Javelisé 900ml | C21: 12 | D21: 123.5 | F21: =C21*D21*E21 -> 0 | H21: 0.04 | I21: =+H21*F21 -> 0
A22: 2943549 | B22: Pril ISIS Antibactérien 650ML Lemon | C22: 12 | D22: 168 | F22: =C22*D22*E22 -> 0 | I22: =+H22*F22 -> 0
A23: 2951994 | B23: Le Chat Rose 2,5L ADV23 | C23: 4 | D23: 810 | F23: =C23*D23*E23 -> 0 | H23: 0.06 | I23: =+H23*F23 -> 0
A24: 2952074 | B24: Le Chat Regular 2,5L ADV23 | C24: 4 | D24: 810 | F24: =C24*D24*E24 -> 0 | H24: 0.06 | I24: =+H24*F24 -> 0
A25: 2952081 | B25: Le Chat SDM 2,5L ADV23 | C25: 4 | D25: 810 | F25: =C25*D25*E25 -> 0 | H25: 0.06 | I25: =+H25*F25 -> 0
A26: 2952089 | B26: Le Chat Regular 1L ADV23 | C26: 10 | D26: 377 | F26: =C26*D26*E26 -> 0 | H26: 0.06 | I26: =+H26*F26 -> 0
A27: 2952090 | B27: Le Chat Rose 1L ADV23 | C27: 10 | D27: 377 | F27: =C27*D27*E27 -> 0 | H27: 0.06 | I27: =+H27*F27 -> 0
A28: 3035242 | B28: Le chat HDLD 4L ADV 23 non promo | C28: 3 | D28: 1145 | F28: =C28*D28*E28 -> 0 | H28: 0.06 | I28: =+H28*F28 -> 0
A29: 2958928 | B29: Le Chat 2,5kg bag ADV23 | C29: 4 | D29: 792 | F29: =C29*D29*E29 -> 0 | H29: 0.04 | I29: =+H29*F29 -> 0
A30: 2958931 | B30: Le Chat HS Gel 1L ADV23 | C30: 10 | D30: 331 | F30: =C30*D30*E30 -> 0 | H30: 0.04 | I30: =+H30*F30 -> 0
A31: 2958932 | B31: Le Chat HS 300gr ADV23 | C31: 25 | D31: 100 | F31: =C31*D31*E31 -> 0 | H31: 0.04 | I31: =+H31*F31 -> 0
A32: 2958933 | B32: Le Chat HS 750gr ADV23 | C32: 12 | D32: 233 | F32: =C32*D32*E32 -> 0 | H32: 0.04 | I32: =+H32*F32 -> 0
A33: 2970224 | B33: Pril Isis ultra power 1.25L | C33: 12 | D33: 284 | F33: =C33*D33*E33 -> 0 | I33: =+H33*F33 -> 0
A34: 2970482 | B34: Pril Isis ultra power 650ml | C34: 12 | D34: 168 | F34: =C34*D34*E34 -> 0 | I34: =+H34*F34 -> 0
A35: 2975112 | B35: Pril Isis ultra power 3 L | C35: 4 | D35: 664 | F35: =C35*D35*E35 -> 0 | I35: =+H35*F35 -> 0
A36: 2993253 | B36: Bref Triggers Cuisine 500ml | C36: 10 | D36: 221 | F36: =C36*D36*E36 -> 0 | I36: =+H36*F36 -> 0
A37: 2993256 | B37: ISIS Gold 5en1 300g | C37: 25 | D37: 90 | F37: =C37*D37*E37 -> 0 | H37: 0.06 | I37: =+H37*F37 -> 0
A38: 3002104 | B38: ISIS LS bag 2.5kg Lemon | C38: 4 | D38: 723 | F38: =C38*D38*E38 -> 0 | H38: 0.04 | I38: =+H38*F38 -> 0
A39: 3004676 | B39: ISIS gel machine universel 2.5L | C39: 4 | D39: 510 | F39: =C39*D39*E39 -> 0 | H39: 0.04 | I39: =+H39*F39 -> 0
A40: 3004679 | B40: ISIS gel machine universal 900ml | C40: 10 | D40: 265 | F40: =C40*D40*E40 -> 0 | H40: 0.04 | I40: =+H40*F40 -> 0
A41: 3011702 | B41: Bref javel pure power 900mL-DZ | C41: 12 | D41: 86 | F41: =C41*D41*E41 -> 0 | H41: 0.04 | I41: =+H41*F41 -> 0
A42: 3013691 | B42: Bref javel regular pure power 1,75L | C42: 6 | D42: 154 | F42: =C42*D42*E42 -> 0 | H42: 0.04 | I42: =+H42*F42 -> 0
A43: 3013692 | B43: Pril ISIS antibactérien 1.25L | C43: 12 | D43: 284 | F43: =C43*D43*E43 -> 0 | I43: =+H43*F43 -> 0
A44: 3014424 | B44: Le Chat Premium 1L LS GEL | C44: 10 | D44: 426 | F44: =C44*D44*E44 -> 0 | I44: =+H44*F44 -> 0
A45: 3019788 | B45: Pril isis antibac 1250ml promo | C45: 12 | D45: 267 | F45: =C45*D45*E45 -> 0 | I45: =+H45*F45 -> 0
A46: 3019789 | B46: Pril isis ultra power 1250ml promo | C46: 12 | D46: 267 | F46: =C46*D46*E46 -> 0 | I46: =+H46*F46 -> 0
A47: 3019821 | B47: Pril isis ultrapower 650ml promo | C47: 12 | D47: 156 | F47: =C47*D47*E47 -> 0 | I47: =+H47*F47 -> 0
A48: 3019822 | B48: Pril isis antibac 650ml promo | C48: 12 | D48: 156 | F48: =C48*D48*E48 -> 0 | I48: =+H48*F48 -> 0
A49: 3023685 | B49: Isis Bouquet 950ml Blan jasmin | C49: 12 | D49: 151 | F49: =C49*D49*E49 -> 0 | H49: 0.06 | I49: =+H49*F49 -> 0
A50: 3023684 | B50: isis Bouquet 950ml Rose | C50: 12 | D50: 151 | F50: =C50*D50*E50 -> 0 | H50: 0.06 | I50: =+H50*F50 -> 0
A51: 3021473 | B51: isis Bouquet 950ml Lavande | C51: 12 | D51: 151 | F51: =C51*D51*E51 -> 0 | H51: 0.06 | I51: =+H51*F51 -> 0
A52: 3030417 | B52: ISIS GOLD 5 en 1 HS 750g | C52: 12 | D52: 213 | F52: =C52*D52*E52 -> 0 | H52: 0.06 | I52: =+H52*F52 -> 0
A53: 3030426 | B53: Le Chat HS 1,5 KG ADV23 | C53: 8 | D53: 415 | F53: =C53*D53*E53 -> 0 | H53: 0.04 | I53: =+H53*F53 -> 0
A54: 3030254 | B54: ISIS Machine 2.5 kg Bag Promo Price OFF | C54: 4 | D54: 605 | F54: =C54*D54*E54 -> 0 | H54: 0.04 | I54: =+H54*F54 -> 0
A55: 3075606 | B55: Pril isis 650ml limited edition | C55: 12 | D55: 168 | F55: =C55*D55*E55 -> 0 | I55: =+H55*F55 -> 0
A56: 3051115 | B56: Le Chat HS Rose 750gr ADV23 | C56: 12 | D56: 233 | F56: =C56*D56*E56 -> 0 | H56: 0.04 | I56: =+H56*F56 -> 0
A57: 3051116 | B57: Le Chat HS Rose 300gr ADV23 | C57: 25 | D57: 100 | F57: =C57*D57*E57 -> 0 | H57: 0.04 | I57: =+H57*F57 -> 0
A58: 3020036 | B58: Promo Le Chat Liquide Machine 2.5L SDM | C58: 4 | D58: 725 | F58: =C58*D58*E58 -> 0 | H58: 0.06 | I58: =+H58*F58 -> 0
A59: 3020066 | B59: Promo Le Chat Liquide Machine 2.5L Rose | C59: 4 | D59: 725 | F59: =C59*D59*E59 -> 0 | H59: 0.06 | I59: =+H59*F59 -> 0
A60: 3021054 | B60: Le Chat Liquide Machine 2.5L (PROMO) | C60: 4 | D60: 725 | F60: =C60*D60*E60 -> 0 | H60: 0.06 | I60: =+H60*F60 -> 0
A61: 3091334 | B61: ISIS GOLD Machine Liquide 2.5L Lavander | C61: 4 | D61: 510 | F61: =C61*D61*E61 -> 0 | H61: 0.04 | I61: =+H61*F61 -> 0
A62: 3026745 | B62: Gliss Ultimate Repair 250ml | C62: 12 | D62: 378.5 | F62: =C62*D62*E62 -> 0 | H62: 0.04 | I62: =+H62*F62 -> 0
A63: 3026747 | B63: Gliss Aqua Revive 250ml | C63: 12 | D63: 378.5 | F63: =C63*D63*E63 -> 0 | H63: 0.04 | I63: =+H63*F63 -> 0
A64: 3026748 | B64: Gliss Oil Nutritive 250ml | C64: 12 | D64: 378.5 | F64: =C64*D64*E64 -> 0 | H64: 0.04 | I64: =+H64*F64 -> 0
A65: 3026746 | B65: Gliss Supreme Length 250ml | C65: 12 | D65: 378.5 | F65: =C65*D65*E65 -> 0 | H65: 0.04 | I65: =+H65*F65 -> 0
A66: 3026749 | B66: Gliss Aqua Revive 200ml | C66: 6 | D66: 379 | F66: =C66*D66*E66 -> 0 | H66: 0.04 | I66: =+H66*F66 -> 0
A67: 3026771 | B67: Gliss Oil Nutritive 200ml | C67: 6 | D67: 379 | F67: =C67*D67*E67 -> 0 | H67: 0.04 | I67: =+H67*F67 -> 0
... A72: 1250003 | B72: Le Chat Liquide Machine 2.5L Rose - Including TPR | C72: 4 | D72: 725 | F72: =C72*D72*E72 -> 0 | H72: 0.06 | I72: =+H72*F72 -> 0
A73: 3072880 | B73: Pril isis 1,25L l limited edition | C73: 12 | D73: 284 | F73: =C73*D73*E73 -> 0 | I73: =+H73*F73 -> 0
B74: TOTAL CARTONS | D74: =SUM(E14:E73) -> 0 | E74: TTC | F74: =SUM(F12:F73) -> 0 | G74: =SUM(G12:G73) -> 0 | I74: =SUM(I12:I73) -> 0
E75: REMISE | F75: =+I74 -> 0
E76: NET | F76: =+F74-F75 -> 0

Sheet 14
A1: SARL ANDROMEDE DISTRIBUTION
A2: CITE CHAABIA LOT 16 SECTION 02 BIR TOUTA, ALGER.
A3: R-C : 16/00-1010272 B15 I-F : 001516101027219 ART : 16360128161 N° TEL : 0555048930
A5: BON DE LIVRAISON
A7: CLIENT :
A8: ADRESSE :
A9: DATE : | B9: =+'BON DE PREPARATION'!B9 -> 08 07 2023 | D9: LIVREUR :
A11: Code IDH | B11: PRODUITS | C11: Qté/Crt | D11: P.U. | E11: Qté. Vendu | F11: Montant TTC | G11: REMISE SALES BUZZ | H11: % REMISE | I11: REMISE
A12: 2682282 | B12: Le Chat Premium RL 2.5L | C12: 4 | D12: 995 | F12: =C12*D12*E12 -> 0 | H12: 0.06 | I12: =+H12*F12 -> 0
A13: 3035219 | B13: Le Chat LS BAG 2.5kg PROMO | C13: 4 | D13: 695 | F13: =C13*D13*E13 -> 0 | H13: 0.04 | I13: =+H13*F13 -> 0
A14: 3051094 | B14: Bref Moussant 1,75L | C14: 6 | D14: 226 | F14: =C14*D14*E14 -> 0 | H14: 0.04 | I14: =+H14*F14 -> 0
A15: 2823409 | B15: ISIS HS POWDER SDM 300GR LIMITLESS | C15: 25 | D15: 90 | F15: =C15*D15*E15 -> 0 | H15: 0.06 | I15: =+H15*F15 -> 0
A16: 3072722 | B16: BREF Trigger multi-surface 490ml | C16: 12 | D16: 221 | F16: =C16*D16*E16 -> 0 | I16: =+H16*F16 -> 0
A17: 3022693 | B17: Pril ISIS Cold Power 3L Promo | C17: 4 | D17: 595 | F17: =C17*D17*E17 -> 0 | I17: =+H17*F17 -> 0
A18: 2875891 | B18: ISIS HS 300g LEMON LIMITLESS | C18: 25 | D18: 90 | F18: =C18*D18*E18 -> 0 | H18: 0.06 | I18: =+H18*F18 -> 0
A19: 2875892 | B19: ISIS HS 750g LEMON LIMITLESS | C19: 12 | D19: 213 | F19: =C19*D19*E19 -> 0 | H19: 0.06 | I19: =+H19*F19 -> 0
A20: 2875893 | B20: ISIS HS 1,5Kg LEMON LIMITLESS | C20: 8 | D20: 417 | F20: =C20*D20*E20 -> 0 | H20: 0.06 | I20: =+H20*F20 -> 0
A21: 2910278 | B21: Nettoyant Moussant Javelisé 900ml | C21: 12 | D21: 123.5 | F21: =C21*D21*E21 -> 0 | H21: 0.04 | I21: =+H21*F21 -> 0
A22: 2943549 | B22: Pril ISIS Antibactérien 650ML Lemon | C22: 12 | D22: 168 | F22: =C22*D22*E22 -> 0 | I22: =+H22*F22 -> 0
A23: 2951994 | B23: Le Chat Rose 2,5L ADV23 | C23: 4 | D23: 810 | F23: =C23*D23*E23 -> 0 | H23: 0.06 | I23: =+H23*F23 -> 0
A24: 2952074 | B24: Le Chat Regular 2,5L ADV23 | C24: 4 | D24: 810 | F24: =C24*D24*E24 -> 0 | H24: 0.06 | I24: =+H24*F24 -> 0
A25: 2952081 | B25: Le Chat SDM 2,5L ADV23 | C25: 4 | D25: 810 | F25: =C25*D25*E25 -> 0 | H25: 0.06 | I25: =+H25*F25 -> 0
A26: 2952089 | B26: Le Chat Regular 1L ADV23 | C26: 10 | D26: 377 | F26: =C26*D26*E26 -> 0 | H26: 0.06 | I26: =+H26*F26 -> 0
A27: 2952090 | B27: Le Chat Rose 1L ADV23 | C27: 10 | D27: 377 | F27: =C27*D27*E27 -> 0 | H27: 0.06 | I27: =+H27*F27 -> 0
A28: 3035242 | B28: Le chat HDLD 4L ADV 23 non promo | C28: 3 | D28: 1145 | F28: =C28*D28*E28 -> 0 | H28: 0.06 | I28: =+H28*F28 -> 0
A29: 2958928 | B29: Le Chat 2,5kg bag ADV23 | C29: 4 | D29: 792 | F29: =C29*D29*E29 -> 0 | H29: 0.04 | I29: =+H29*F29 -> 0
A30: 2958931 | B30: Le Chat HS Gel 1L ADV23 | C30: 10 | D30: 331 | F30: =C30*D30*E30 -> 0 | H30: 0.04 | I30: =+H30*F30 -> 0
A31: 2958932 | B31: Le Chat HS 300gr ADV23 | C31: 25 | D31: 100 | F31: =C31*D31*E31 -> 0 | H31: 0.04 | I31: =+H31*F31 -> 0
A32: 2958933 | B32: Le Chat HS 750gr ADV23 | C32: 12 | D32: 233 | F32: =C32*D32*E32 -> 0 | H32: 0.04 | I32: =+H32*F32 -> 0
A33: 2970224 | B33: Pril Isis ultra power 1.25L | C33: 12 | D33: 284 | F33: =C33*D33*E33 -> 0 | I33: =+H33*F33 -> 0
A34: 2970482 | B34: Pril Isis ultra power 650ml | C34: 12 | D34: 168 | F34: =C34*D34*E34 -> 0 | I34: =+H34*F34 -> 0
A35: 2975112 | B35: Pril Isis ultra power 3 L | C35: 4 | D35: 664 | F35: =C35*D35*E35 -> 0 | I35: =+H35*F35 -> 0
A36: 2993253 | B36: Bref Triggers Cuisine 500ml | C36: 10 | D36: 221 | F36: =C36*D36*E36 -> 0 | I36: =+H36*F36 -> 0
A37: 2993256 | B37: ISIS Gold 5en1 300g | C37: 25 | D37: 90 | F37: =C37*D37*E37 -> 0 | H37: 0.06 | I37: =+H37*F37 -> 0
A38: 3002104 | B38: ISIS LS bag 2.5kg Lemon | C38: 4 | D38: 723 | F38: =C38*D38*E38 -> 0 | H38: 0.04 | I38: =+H38*F38 -> 0
A39: 3004676 | B39: ISIS gel machine universel 2.5L | C39: 4 | D39: 510 | F39: =C39*D39*E39 -> 0 | H39: 0.04 | I39: =+H39*F39 -> 0
A40: 3004679 | B40: ISIS gel machine universal 900ml | C40: 10 | D40: 265 | F40: =C40*D40*E40 -> 0 | H40: 0.04 | I40: =+H40*F40 -> 0
A41: 3011702 | B41: Bref javel pure power 900mL-DZ | C41: 12 | D41: 86 | F41: =C41*D41*E41 -> 0 | H41: 0.04 | I41: =+H41*F41 -> 0
A42: 3013691 | B42: Bref javel regular pure power 1,75L | C42: 6 | D42: 154 | F42: =C42*D42*E42 -> 0 | H42: 0.04 | I42: =+H42*F42 -> 0
A43: 3013692 | B43: Pril ISIS antibactérien 1.25L | C43: 12 | D43: 284 | F43: =C43*D43*E43 -> 0 | I43: =+H43*F43 -> 0
A44: 3014424 | B44: Le Chat Premium 1L LS GEL | C44: 10 | D44: 426 | F44: =C44*D44*E44 -> 0 | I44: =+H44*F44 -> 0
A45: 3019788 | B45: Pril isis antibac 1250ml promo | C45: 12 | D45: 267 | F45: =C45*D45*E45 -> 0 | I45: =+H45*F45 -> 0
A46: 3019789 | B46: Pril isis ultra power 1250ml promo | C46: 12 | D46: 267 | F46: =C46*D46*E46 -> 0 | I46: =+H46*F46 -> 0
A47: 3019821 | B47: Pril isis ultrapower 650ml promo | C47: 12 | D47: 156 | F47: =C47*D47*E47 -> 0 | I47: =+H47*F47 -> 0
A48: 3019822 | B48: Pril isis antibac 650ml promo | C48: 12 | D48: 156 | F48: =C48*D48*E48 -> 0 | I48: =+H48*F48 -> 0
A49: 3023685 | B49: Isis Bouquet 950ml Blan jasmin | C49: 12 | D49: 151 | F49: =C49*D49*E49 -> 0 | H49: 0.06 | I49: =+H49*F49 -> 0
A50: 3023684 | B50: isis Bouquet 950ml Rose | C50: 12 | D50: 151 | F50: =C50*D50*E50 -> 0 | H50: 0.06 | I50: =+H50*F50 -> 0
A51: 3021473 | B51: isis Bouquet 950ml Lavande | C51: 12 | D51: 151 | F51: =C51*D51*E51 -> 0 | H51: 0.06 | I51: =+H51*F51 -> 0
A52: 3030417 | B52: ISIS GOLD 5 en 1 HS 750g | C52: 12 | D52: 213 | F52: =C52*D52*E52 -> 0 | H52: 0.06 | I52: =+H52*F52 -> 0
A53: 3030426 | B53: Le Chat HS 1,5 KG ADV23 | C53: 8 | D53: 415 | F53: =C53*D53*E53 -> 0 | H53: 0.04 | I53: =+H53*F53 -> 0
A54: 3030254 | B54: ISIS Machine 2.5 kg Bag Promo Price OFF | C54: 4 | D54: 605 | F54: =C54*D54*E54 -> 0 | H54: 0.04 | I54: =+H54*F54 -> 0
A55: 3075606 | B55: Pril isis 650ml limited edition | C55: 12 | D55: 168 | F55: =C55*D55*E55 -> 0 | I55: =+H55*F55 -> 0
A56: 3051115 | B56: Le Chat HS Rose 750gr ADV23 | C56: 12 | D56: 233 | F56: =C56*D56*E56 -> 0 | H56: 0.04 | I56: =+H56*F56 -> 0
A57: 3051116 | B57: Le Chat HS Rose 300gr ADV23 | C57: 25 | D57: 100 | F57: =C57*D57*E57 -> 0 | H57: 0.04 | I57: =+H57*F57 -> 0
A58: 3020036 | B58: Promo Le Chat Liquide Machine 2.5L SDM | C58: 4 | D58: 725 | F58: =C58*D58*E58 -> 0 | H58: 0.06 | I58: =+H58*F58 -> 0
A59: 3020066 | B59: Promo Le Chat Liquide Machine 2.5L Rose | C59: 4 | D59: 725 | F59: =C59*D59*E59 -> 0 | H59: 0.06 | I59: =+H59*F59 -> 0
A60: 3021054 | B60: Le Chat Liquide Machine 2.5L (PROMO) | C60: 4 | D60: 725 | F60: =C60*D60*E60 -> 0 | H60: 0.06 | I60: =+H60*F60 -> 0
A61: 3091334 | B61: ISIS GOLD Machine Liquide 2.5L Lavander | C61: 4 | D61: 510 | F61: =C61*D61*E61 -> 0 | H61: 0.04 | I61: =+H61*F61 -> 0
A62: 3026745 | B62: Gliss Ultimate Repair 250ml | C62: 12 | D62: 378.5 | F62: =C62*D62*E62 -> 0 | H62: 0.04 | I62: =+H62*F62 -> 0
A63: 3026747 | B63: Gliss Aqua Revive 250ml | C63: 12 | D63: 378.5 | F63: =C63*D63*E63 -> 0 | H63: 0.04 | I63: =+H63*F63 -> 0
A64: 3026748 | B64: Gliss Oil Nutritive 250ml | C64: 12 | D64: 378.5 | F64: =C64*D64*E64 -> 0 | H64: 0.04 | I64: =+H64*F64 -> 0
A65: 3026746 | B65: Gliss Supreme Length 250ml | C65: 12 | D65: 378.5 | F65: =C65*D65*E65 -> 0 | H65: 0.04 | I65: =+H65*F65 -> 0
A66: 3026749 | B66: Gliss Aqua Revive 200ml | C66: 6 | D66: 379 | F66: =C66*D66*E66 -> 0 | H66: 0.04 | I66: =+H66*F66 -> 0
A67: 3026771 | B67: Gliss Oil Nutritive 200ml | C67: 6 | D67: 379 | F67: =C67*D67*E67 -> 0 | H67: 0.04 | I67: =+H67*F67 -> 0
... A72: 1250003 | B72: Le Chat Liquide Machine 2.5L Rose - Including TPR | C72: 4 | D72: 725 | F72: =C72*D72*E72 -> 0 | H72: 0.06 | I72: =+H72*F72 -> 0
A73: 3072880 | B73: Pril isis 1,25L l limited edition | C73: 12 | D73: 284 | F73: =C73*D73*E73 -> 0 | I73: =+H73*F73 -> 0
B74: TOTAL CARTONS | D74: =SUM(E14:E73) -> 0 | E74: TTC | F74: =SUM(F12:F73) -> 0 | G74: =SUM(G12:G73) -> 0 | I74: =SUM(I12:I73) -> 0
E75: REMISE | F75: =+I74 -> 0
E76: NET | F76: =+F74-F75 -> 0

Sheet 15
A1: SARL ANDROMEDE DISTRIBUTION
A2: CITE CHAABIA LOT 16 SECTION 02 BIR TOUTA, ALGER.
A3: R-C : 16/00-1010272 B15 I-F : 001516101027219 ART : 16360128161 N° TEL : 0555048930
A5: BON DE LIVRAISON
A7: CLIENT :
A8: ADRESSE :
A9: DATE : | B9: =+'BON DE PREPARATION'!B9 -> 08 07 2023 | D9: LIVREUR :
A11: Code IDH | B11: PRODUITS | C11: Qté/Crt | D11: P.U. | E11: Qté. Vendu | F11: Montant TTC | G11: REMISE SALES BUZZ | H11: % REMISE | I11: REMISE
A12: 2682282 | B12: Le Chat Premium RL 2.5L | C12: 4 | D12: 995 | F12: =C12*D12*E12 -> 0 | H12: 0.06 | I12: =+H12*F12 -> 0
A13: 3035219 | B13: Le Chat LS BAG 2.5kg PROMO | C13: 4 | D13: 695 | F13: =C13*D13*E13 -> 0 | H13: 0.04 | I13: =+H13*F13 -> 0
A14: 3051094 | B14: Bref Moussant 1,75L | C14: 6 | D14: 226 | F14: =C14*D14*E14 -> 0 | H14: 0.04 | I14: =+H14*F14 -> 0
A15: 2823409 | B15: ISIS HS POWDER SDM 300GR LIMITLESS | C15: 25 | D15: 90 | F15: =C15*D15*E15 -> 0 | H15: 0.06 | I15: =+H15*F15 -> 0
A16: 3072722 | B16: BREF Trigger multi-surface 490ml | C16: 12 | D16: 221 | F16: =C16*D16*E16 -> 0 | I16: =+H16*F16 -> 0
A17: 3022693 | B17: Pril ISIS Cold Power 3L Promo | C17: 4 | D17: 595 | F17: =C17*D17*E17 -> 0 | I17: =+H17*F17 -> 0
A18: 2875891 | B18: ISIS HS 300g LEMON LIMITLESS | C18: 25 | D18: 90 | F18: =C18*D18*E18 -> 0 | H18: 0.06 | I18: =+H18*F18 -> 0
A19: 2875892 | B19: ISIS HS 750g LEMON LIMITLESS | C19: 12 | D19: 213 | F19: =C19*D19*E19 -> 0 | H19: 0.06 | I19: =+H19*F19 -> 0
A20: 2875893 | B20: ISIS HS 1,5Kg LEMON LIMITLESS | C20: 8 | D20: 417 | F20: =C20*D20*E20 -> 0 | H20: 0.06 | I20: =+H20*F20 -> 0
A21: 2910278 | B21: Nettoyant Moussant Javelisé 900ml | C21: 12 | D21: 123.5 | F21: =C21*D21*E21 -> 0 | H21: 0.04 | I21: =+H21*F21 -> 0
A22: 2943549 | B22: Pril ISIS Antibactérien 650ML Lemon | C22: 12 | D22: 168 | F22: =C22*D22*E22 -> 0 | I22: =+H22*F22 -> 0
A23: 2951994 | B23: Le Chat Rose 2,5L ADV23 | C23: 4 | D23: 810 | F23: =C23*D23*E23 -> 0 | H23: 0.06 | I23: =+H23*F23 -> 0
A24: 2952074 | B24: Le Chat Regular 2,5L ADV23 | C24: 4 | D24: 810 | F24: =C24*D24*E24 -> 0 | H24: 0.06 | I24: =+H24*F24 -> 0
A25: 2952081 | B25: Le Chat SDM 2,5L ADV23 | C25: 4 | D25: 810 | F25: =C25*D25*E25 -> 0 | H25: 0.06 | I25: =+H25*F25 -> 0
A26: 2952089 | B26: Le Chat Regular 1L ADV23 | C26: 10 | D26: 377 | F26: =C26*D26*E26 -> 0 | H26: 0.06 | I26: =+H26*F26 -> 0
A27: 2952090 | B27: Le Chat Rose 1L ADV23 | C27: 10 | D27: 377 | F27: =C27*D27*E27 -> 0 | H27: 0.06 | I27: =+H27*F27 -> 0
A28: 3035242 | B28: Le chat HDLD 4L ADV 23 non promo | C28: 3 | D28: 1145 | F28: =C28*D28*E28 -> 0 | H28: 0.06 | I28: =+H28*F28 -> 0
A29: 2958928 | B29: Le Chat 2,5kg bag ADV23 | C29: 4 | D29: 792 | F29: =C29*D29*E29 -> 0 | H29: 0.04 | I29: =+H29*F29 -> 0
A30: 2958931 | B30: Le Chat HS Gel 1L ADV23 | C30: 10 | D30: 331 | F30: =C30*D30*E30 -> 0 | H30: 0.04 | I30: =+H30*F30 -> 0
A31: 2958932 | B31: Le Chat HS 300gr ADV23 | C31: 25 | D31: 100 | F31: =C31*D31*E31 -> 0 | H31: 0.04 | I31: =+H31*F31 -> 0
A32: 2958933 | B32: Le Chat HS 750gr ADV23 | C32: 12 | D32: 233 | F32: =C32*D32*E32 -> 0 | H32: 0.04 | I32: =+H32*F32 -> 0
A33: 2970224 | B33: Pril Isis ultra power 1.25L | C33: 12 | D33: 284 | F33: =C33*D33*E33 -> 0 | I33: =+H33*F33 -> 0
A34: 2970482 | B34: Pril Isis ultra power 650ml | C34: 12 | D34: 168 | F34: =C34*D34*E34 -> 0 | I34: =+H34*F34 -> 0
A35: 2975112 | B35: Pril Isis ultra power 3 L | C35: 4 | D35: 664 | F35: =C35*D35*E35 -> 0 | I35: =+H35*F35 -> 0
A36: 2993253 | B36: Bref Triggers Cuisine 500ml | C36: 10 | D36: 221 | F36: =C36*D36*E36 -> 0 | I36: =+H36*F36 -> 0
A37: 2993256 | B37: ISIS Gold 5en1 300g | C37: 25 | D37: 90 | F37: =C37*D37*E37 -> 0 | H37: 0.06 | I37: =+H37*F37 -> 0
A38: 3002104 | B38: ISIS LS bag 2.5kg Lemon | C38: 4 | D38: 723 | F38: =C38*D38*E38 -> 0 | H38: 0.04 | I38: =+H38*F38 -> 0
A39: 3004676 | B39: ISIS gel machine universel 2.5L | C39: 4 | D39: 510 | F39: =C39*D39*E39 -> 0 | H39: 0.04 | I39: =+H39*F39 -> 0
A40: 3004679 | B40: ISIS gel machine universal 900ml | C40: 10 | D40: 265 | F40: =C40*D40*E40 -> 0 | H40: 0.04 | I40: =+H40*F40 -> 0
A41: 3011702 | B41: Bref javel pure power 900mL-DZ | C41: 12 | D41: 86 | F41: =C41*D41*E41 -> 0 | H41: 0.04 | I41: =+H41*F41 -> 0
A42: 3013691 | B42: Bref javel regular pure power 1,75L | C42: 6 | D42: 154 | F42: =C42*D42*E42 -> 0 | H42: 0.04 | I42: =+H42*F42 -> 0
A43: 3013692 | B43: Pril ISIS antibactérien 1.25L | C43: 12 | D43: 284 | F43: =C43*D43*E43 -> 0 | I43: =+H43*F43 -> 0
A44: 3014424 | B44: Le Chat Premium 1L LS GEL | C44: 10 | D44: 426 | F44: =C44*D44*E44 -> 0 | I44: =+H44*F44 -> 0
A45: 3019788 | B45: Pril isis antibac 1250ml promo | C45: 12 | D45: 267 | F45: =C45*D45*E45 -> 0 | I45: =+H45*F45 -> 0
A46: 3019789 | B46: Pril isis ultra power 1250ml promo | C46: 12 | D46: 267 | F46: =C46*D46*E46 -> 0 | I46: =+H46*F46 -> 0
A47: 3019821 | B47: Pril isis ultrapower 650ml promo | C47: 12 | D47: 156 | F47: =C47*D47*E47 -> 0 | I47: =+H47*F47 -> 0
A48: 3019822 | B48: Pril isis antibac 650ml promo | C48: 12 | D48: 156 | F48: =C48*D48*E48 -> 0 | I48: =+H48*F48 -> 0
A49: 3023685 | B49: Isis Bouquet 950ml Blan jasmin | C49: 12 | D49: 151 | F49: =C49*D49*E49 -> 0 | H49: 0.06 | I49: =+H49*F49 -> 0
A50: 3023684 | B50: isis Bouquet 950ml Rose | C50: 12 | D50: 151 | F50: =C50*D50*E50 -> 0 | H50: 0.06 | I50: =+H50*F50 -> 0
A51: 3021473 | B51: isis Bouquet 950ml Lavande | C51: 12 | D51: 151 | F51: =C51*D51*E51 -> 0 | H51: 0.06 | I51: =+H51*F51 -> 0
A52: 3030417 | B52: ISIS GOLD 5 en 1 HS 750g | C52: 12 | D52: 213 | F52: =C52*D52*E52 -> 0 | H52: 0.06 | I52: =+H52*F52 -> 0
A53: 3030426 | B53: Le Chat HS 1,5 KG ADV23 | C53: 8 | D53: 415 | F53: =C53*D53*E53 -> 0 | H53: 0.04 | I53: =+H53*F53 -> 0
A54: 3030254 | B54: ISIS Machine 2.5 kg Bag Promo Price OFF | C54: 4 | D54: 605 | F54: =C54*D54*E54 -> 0 | H54: 0.04 | I54: =+H54*F54 -> 0
A55: 3075606 | B55: Pril isis 650ml limited edition | C55: 12 | D55: 168 | F55: =C55*D55*E55 -> 0 | I55: =+H55*F55 -> 0
A56: 3051115 | B56: Le Chat HS Rose 750gr ADV23 | C56: 12 | D56: 233 | F56: =C56*D56*E56 -> 0 | H56: 0.04 | I56: =+H56*F56 -> 0
A57: 3051116 | B57: Le Chat HS Rose 300gr ADV23 | C57: 25 | D57: 100 | F57: =C57*D57*E57 -> 0 | H57: 0.04 | I57: =+H57*F57 -> 0
A58: 3020036 | B58: Promo Le Chat Liquide Machine 2.5L SDM | C58: 4 | D58: 725 | F58: =C58*D58*E58 -> 0 | H58: 0.06 | I58: =+H58*F58 -> 0
A59: 3020066 | B59: Promo Le Chat Liquide Machine 2.5L Rose | C59: 4 | D59: 725 | F59: =C59*D59*E59 -> 0 | H59: 0.06 | I59: =+H59*F59 -> 0
A60: 3021054 | B60: Le Chat Liquide Machine 2.5L (PROMO) | C60: 4 | D60: 725 | F60: =C60*D60*E60 -> 0 | H60: 0.06 | I60: =+H60*F60 -> 0
A61: 3091334 | B61: ISIS GOLD Machine Liquide 2.5L Lavander | C61: 4 | D61: 510 | F61: =C61*D61*E61 -> 0 | H61: 0.04 | I61: =+H61*F61 -> 0
A62: 3026745 | B62: Gliss Ultimate Repair 250ml | C62: 12 | D62: 378.5 | F62: =C62*D62*E62 -> 0 | H62: 0.04 | I62: =+H62*F62 -> 0
A63: 3026747 | B63: Gliss Aqua Revive 250ml | C63: 12 | D63: 378.5 | F63: =C63*D63*E63 -> 0 | H63: 0.04 | I63: =+H63*F63 -> 0
A64: 3026748 | B64: Gliss Oil Nutritive 250ml | C64: 12 | D64: 378.5 | F64: =C64*D64*E64 -> 0 | H64: 0.04 | I64: =+H64*F64 -> 0
A65: 3026746 | B65: Gliss Supreme Length 250ml | C65: 12 | D65: 378.5 | F65: =C65*D65*E65 -> 0 | H65: 0.04 | I65: =+H65*F65 -> 0
A66: 3026749 | B66: Gliss Aqua Revive 200ml | C66: 6 | D66: 379 | F66: =C66*D66*E66 -> 0 | H66: 0.04 | I66: =+H66*F66 -> 0
A67: 3026771 | B67: Gliss Oil Nutritive 200ml | C67: 6 | D67: 379 | F67: =C67*D67*E67 -> 0 | H67: 0.04 | I67: =+H67*F67 -> 0
... A72: 1250003 | B72: Le Chat Liquide Machine 2.5L Rose - Including TPR | C72: 4 | D72: 725 | F72: =C72*D72*E72 -> 0 | H72: 0.06 | I72: =+H72*F72 -> 0
A73: 3072880 | B73: Pril isis 1,25L l limited edition | C73: 12 | D73: 284 | F73: =C73*D73*E73 -> 0 | I73: =+H73*F73 -> 0
B74: TOTAL CARTONS | D74: =SUM(E14:E73) -> 0 | E74: TTC | F74: =SUM(F12:F73) -> 0 | G74: =SUM(G12:G73) -> 0 | I74: =SUM(I12:I73) -> 0
E75: REMISE | F75: =+I74 -> 0
E76: NET | F76: =+F74-F75 -> 0

Sheet 16
A1: SARL ANDROMEDE DISTRIBUTION
A2: CITE CHAABIA LOT 16 SECTION 02 BIR TOUTA, ALGER.
A3: R-C : 16/00-1010272 B15 I-F : 001516101027219 ART : 16360128161 N° TEL : 0555048930
A5: BON DE LIVRAISON
A7: CLIENT :
A8: ADRESSE :
A9: DATE : | B9: =+'BON DE PREPARATION'!B9 -> 08 07 2023 | D9: LIVREUR :
A11: Code IDH | B11: PRODUITS | C11: Qté/Crt | D11: P.U. | E11: Qté. Vendu | F11: Montant TTC | G11: REMISE SALES BUZZ | H11: % REMISE | I11: REMISE
A12: 2682282 | B12: Le Chat Premium RL 2.5L | C12: 4 | D12: 995 | F12: =C12*D12*E12 -> 0 | H12: 0.06 | I12: =+H12*F12 -> 0
A13: 3035219 | B13: Le Chat LS BAG 2.5kg PROMO | C13: 4 | D13: 695 | F13: =C13*D13*E13 -> 0 | H13: 0.04 | I13: =+H13*F13 -> 0
A14: 3051094 | B14: Bref Moussant 1,75L | C14: 6 | D14: 226 | F14: =C14*D14*E14 -> 0 | H14: 0.04 | I14: =+H14*F14 -> 0
A15: 2823409 | B15: ISIS HS POWDER SDM 300GR LIMITLESS | C15: 25 | D15: 90 | F15: =C15*D15*E15 -> 0 | H15: 0.06 | I15: =+H15*F15 -> 0
A16: 3072722 | B16: BREF Trigger multi-surface 490ml | C16: 12 | D16: 221 | F16: =C16*D16*E16 -> 0 | I16: =+H16*F16 -> 0
A17: 3022693 | B17: Pril ISIS Cold Power 3L Promo | C17: 4 | D17: 595 | F17: =C17*D17*E17 -> 0 | I17: =+H17*F17 -> 0
A18: 2875891 | B18: ISIS HS 300g LEMON LIMITLESS | C18: 25 | D18: 90 | F18: =C18*D18*E18 -> 0 | H18: 0.06 | I18: =+H18*F18 -> 0
A19: 2875892 | B19: ISIS HS 750g LEMON LIMITLESS | C19: 12 | D19: 213 | F19: =C19*D19*E19 -> 0 | H19: 0.06 | I19: =+H19*F19 -> 0
A20: 2875893 | B20: ISIS HS 1,5Kg LEMON LIMITLESS | C20: 8 | D20: 417 | F20: =C20*D20*E20 -> 0 | H20: 0.06 | I20: =+H20*F20 -> 0
A21: 2910278 | B21: Nettoyant Moussant Javelisé 900ml | C21: 12 | D21: 123.5 | F21: =C21*D21*E21 -> 0 | H21: 0.04 | I21: =+H21*F21 -> 0
A22: 2943549 | B22: Pril ISIS Antibactérien 650ML Lemon | C22: 12 | D22: 168 | F22: =C22*D22*E22 -> 0 | I22: =+H22*F22 -> 0
A23: 2951994 | B23: Le Chat Rose 2,5L ADV23 | C23: 4 | D23: 810 | F23: =C23*D23*E23 -> 0 | H23: 0.06 | I23: =+H23*F23 -> 0
A24: 2952074 | B24: Le Chat Regular 2,5L ADV23 | C24: 4 | D24: 810 | F24: =C24*D24*E24 -> 0 | H24: 0.06 | I24: =+H24*F24 -> 0
A25: 2952081 | B25: Le Chat SDM 2,5L ADV23 | C25: 4 | D25: 810 | F25: =C25*D25*E25 -> 0 | H25: 0.06 | I25: =+H25*F25 -> 0
A26: 2952089 | B26: Le Chat Regular 1L ADV23 | C26: 10 | D26: 377 | F26: =C26*D26*E26 -> 0 | H26: 0.06 | I26: =+H26*F26 -> 0
A27: 2952090 | B27: Le Chat Rose 1L ADV23 | C27: 10 | D27: 377 | F27: =C27*D27*E27 -> 0 | H27: 0.06 | I27: =+H27*F27 -> 0
A28: 3035242 | B28: Le chat HDLD 4L ADV 23 non promo | C28: 3 | D28: 1145 | F28: =C28*D28*E28 -> 0 | H28: 0.06 | I28: =+H28*F28 -> 0
A29: 2958928 | B29: Le Chat 2,5kg bag ADV23 | C29: 4 | D29: 792 | F29: =C29*D29*E29 -> 0 | H29: 0.04 | I29: =+H29*F29 -> 0
A30: 2958931 | B30: Le Chat HS Gel 1L ADV23 | C30: 10 | D30: 331 | F30: =C30*D30*E30 -> 0 | H30: 0.04 | I30: =+H30*F30 -> 0
A31: 2958932 | B31: Le Chat HS 300gr ADV23 | C31: 25 | D31: 100 | F31: =C31*D31*E31 -> 0 | H31: 0.04 | I31: =+H31*F31 -> 0
A32: 2958933 | B32: Le Chat HS 750gr ADV23 | C32: 12 | D32: 233 | F32: =C32*D32*E32 -> 0 | H32: 0.04 | I32: =+H32*F32 -> 0
A33: 2970224 | B33: Pril Isis ultra power 1.25L | C33: 12 | D33: 284 | F33: =C33*D33*E33 -> 0 | I33: =+H33*F33 -> 0
A34: 2970482 | B34: Pril Isis ultra power 650ml | C34: 12 | D34: 168 | F34: =C34*D34*E34 -> 0 | I34: =+H34*F34 -> 0
A35: 2975112 | B35: Pril Isis ultra power 3 L | C35: 4 | D35: 664 | F35: =C35*D35*E35 -> 0 | I35: =+H35*F35 -> 0
A36: 2993253 | B36: Bref Triggers Cuisine 500ml | C36: 10 | D36: 221 | F36: =C36*D36*E36 -> 0 | I36: =+H36*F36 -> 0
A37: 2993256 | B37: ISIS Gold 5en1 300g | C37: 25 | D37: 90 | F37: =C37*D37*E37 -> 0 | H37: 0.06 | I37: =+H37*F37 -> 0
A38: 3002104 | B38: ISIS LS bag 2.5kg Lemon | C38: 4 | D38: 723 | F38: =C38*D38*E38 -> 0 | H38: 0.04 | I38: =+H38*F38 -> 0
A39: 3004676 | B39: ISIS gel machine universel 2.5L | C39: 4 | D39: 510 | F39: =C39*D39*E39 -> 0 | H39: 0.04 | I39: =+H39*F39 -> 0
A40: 3004679 | B40: ISIS gel machine universal 900ml | C40: 10 | D40: 265 | F40: =C40*D40*E40 -> 0 | H40: 0.04 | I40: =+H40*F40 -> 0
A41: 3011702 | B41: Bref javel pure power 900mL-DZ | C41: 12 | D41: 86 | F41: =C41*D41*E41 -> 0 | H41: 0.04 | I41: =+H41*F41 -> 0
A42: 3013691 | B42: Bref javel regular pure power 1,75L | C42: 6 | D42: 154 | F42: =C42*D42*E42 -> 0 | H42: 0.04 | I42: =+H42*F42 -> 0
A43: 3013692 | B43: Pril ISIS antibactérien 1.25L | C43: 12 | D43: 284 | F43: =C43*D43*E43 -> 0 | I43: =+H43*F43 -> 0
A44: 3014424 | B44: Le Chat Premium 1L LS GEL | C44: 10 | D44: 426 | F44: =C44*D44*E44 -> 0 | I44: =+H44*F44 -> 0
A45: 3019788 | B45: Pril isis antibac 1250ml promo | C45: 12 | D45: 267 | F45: =C45*D45*E45 -> 0 | I45: =+H45*F45 -> 0
A46: 3019789 | B46: Pril isis ultra power 1250ml promo | C46: 12 | D46: 267 | F46: =C46*D46*E46 -> 0 | I46: =+H46*F46 -> 0
A47: 3019821 | B47: Pril isis ultrapower 650ml promo | C47: 12 | D47: 156 | F47: =C47*D47*E47 -> 0 | I47: =+H47*F47 -> 0
A48: 3019822 | B48: Pril isis antibac 650ml promo | C48: 12 | D48: 156 | F48: =C48*D48*E48 -> 0 | I48: =+H48*F48 -> 0
A49: 3023685 | B49: Isis Bouquet 950ml Blan jasmin | C49: 12 | D49: 151 | F49: =C49*D49*E49 -> 0 | H49: 0.06 | I49: =+H49*F49 -> 0
A50: 3023684 | B50: isis Bouquet 950ml Rose | C50: 12 | D50: 151 | F50: =C50*D50*E50 -> 0 | H50: 0.06 | I50: =+H50*F50 -> 0
A51: 3021473 | B51: isis Bouquet 950ml Lavande | C51: 12 | D51: 151 | F51: =C51*D51*E51 -> 0 | H51: 0.06 | I51: =+H51*F51 -> 0
A52: 3030417 | B52: ISIS GOLD 5 en 1 HS 750g | C52: 12 | D52: 213 | F52: =C52*D52*E52 -> 0 | H52: 0.06 | I52: =+H52*F52 -> 0
A53: 3030426 | B53: Le Chat HS 1,5 KG ADV23 | C53: 8 | D53: 415 | F53: =C53*D53*E53 -> 0 | H53: 0.04 | I53: =+H53*F53 -> 0
A54: 3030254 | B54: ISIS Machine 2.5 kg Bag Promo Price OFF | C54: 4 | D54: 605 | F54: =C54*D54*E54 -> 0 | H54: 0.04 | I54: =+H54*F54 -> 0
A55: 3075606 | B55: Pril isis 650ml limited edition | C55: 12 | D55: 168 | F55: =C55*D55*E55 -> 0 | I55: =+H55*F55 -> 0
A56: 3051115 | B56: Le Chat HS Rose 750gr ADV23 | C56: 12 | D56: 233 | F56: =C56*D56*E56 -> 0 | H56: 0.04 | I56: =+H56*F56 -> 0
A57: 3051116 | B57: Le Chat HS Rose 300gr ADV23 | C57: 25 | D57: 100 | F57: =C57*D57*E57 -> 0 | H57: 0.04 | I57: =+H57*F57 -> 0
A58: 3020036 | B58: Promo Le Chat Liquide Machine 2.5L SDM | C58: 4 | D58: 725 | F58: =C58*D58*E58 -> 0 | H58: 0.06 | I58: =+H58*F58 -> 0
A59: 3020066 | B59: Promo Le Chat Liquide Machine 2.5L Rose | C59: 4 | D59: 725 | F59: =C59*D59*E59 -> 0 | H59: 0.06 | I59: =+H59*F59 -> 0
A60: 3021054 | B60: Le Chat Liquide Machine 2.5L (PROMO) | C60: 4 | D60: 725 | F60: =C60*D60*E60 -> 0 | H60: 0.06 | I60: =+H60*F60 -> 0
A61: 3091334 | B61: ISIS GOLD Machine Liquide 2.5L Lavander | C61: 4 | D61: 510 | F61: =C61*D61*E61 -> 0 | H61: 0.04 | I61: =+H61*F61 -> 0
A62: 3026745 | B62: Gliss Ultimate Repair 250ml | C62: 12 | D62: 378.5 | F62: =C62*D62*E62 -> 0 | H62: 0.04 | I62: =+H62*F62 -> 0
A63: 3026747 | B63: Gliss Aqua Revive 250ml | C63: 12 | D63: 378.5 | F63: =C63*D63*E63 -> 0 | H63: 0.04 | I63: =+H63*F63 -> 0
A64: 3026748 | B64: Gliss Oil Nutritive 250ml | C64: 12 | D64: 378.5 | F64: =C64*D64*E64 -> 0 | H64: 0.04 | I64: =+H64*F64 -> 0
A65: 3026746 | B65: Gliss Supreme Length 250ml | C65: 12 | D65: 378.5 | F65: =C65*D65*E65 -> 0 | H65: 0.04 | I65: =+H65*F65 -> 0
A66: 3026749 | B66: Gliss Aqua Revive 200ml | C66: 6 | D66: 379 | F66: =C66*D66*E66 -> 0 | H66: 0.04 | I66: =+H66*F66 -> 0
A67: 3026771 | B67: Gliss Oil Nutritive 200ml | C67: 6 | D67: 379 | F67: =C67*D67*E67 -> 0 | H67: 0.04 | I67: =+H67*F67 -> 0
... A72: 1250003 | B72: Le Chat Liquide Machine 2.5L Rose - Including TPR | C72: 4 | D72: 725 | F72: =C72*D72*E72 -> 0 | H72: 0.06 | I72: =+H72*F72 -> 0
A73: 3072880 | B73: Pril isis 1,25L l limited edition | C73: 12 | D73: 284 | F73: =C73*D73*E73 -> 0 | I73: =+H73*F73 -> 0
B74: TOTAL CARTONS | D74: =SUM(E14:E73) -> 0 | E74: TTC | F74: =SUM(F12:F73) -> 0 | G74: =SUM(G12:G73) -> 0 | I74: =SUM(I12:I73) -> 0
E75: REMISE | F75: =+I74 -> 0
E76: NET | F76: =+F74-F75 -> 0

Sheet 17
A1: SARL ANDROMEDE DISTRIBUTION
A2: CITE CHAABIA LOT 16 SECTION 02 BIR TOUTA, ALGER.
A3: R-C : 16/00-1010272 B15 I-F : 001516101027219 ART : 16360128161 N° TEL : 0555048930
A5: BON DE LIVRAISON
A7: CLIENT :
A8: ADRESSE :
A9: DATE : | B9: =+'BON DE PREPARATION'!B9 -> 08 07 2023 | D9: LIVREUR :
A11: Code IDH | B11: PRODUITS | C11: Qté/Crt | D11: P.U. | E11: Qté. Vendu | F11: Montant TTC | G11: REMISE SALES BUZZ | H11: % REMISE | I11: REMISE
A12: 2682282 | B12: Le Chat Premium RL 2.5L | C12: 4 | D12: 995 | F12: =C12*D12*E12 -> 0 | H12: 0.06 | I12: =+H12*F12 -> 0
A13: 3035219 | B13: Le Chat LS BAG 2.5kg PROMO | C13: 4 | D13: 695 | F13: =C13*D13*E13 -> 0 | H13: 0.04 | I13: =+H13*F13 -> 0
A14: 3051094 | B14: Bref Moussant 1,75L | C14: 6 | D14: 226 | F14: =C14*D14*E14 -> 0 | H14: 0.04 | I14: =+H14*F14 -> 0
A15: 2823409 | B15: ISIS HS POWDER SDM 300GR LIMITLESS | C15: 25 | D15: 90 | F15: =C15*D15*E15 -> 0 | H15: 0.06 | I15: =+H15*F15 -> 0
A16: 3072722 | B16: BREF Trigger multi-surface 490ml | C16: 12 | D16: 221 | F16: =C16*D16*E16 -> 0 | I16: =+H16*F16 -> 0
A17: 3022693 | B17: Pril ISIS Cold Power 3L Promo | C17: 4 | D17: 595 | F17: =C17*D17*E17 -> 0 | I17: =+H17*F17 -> 0
A18: 2875891 | B18: ISIS HS 300g LEMON LIMITLESS | C18: 25 | D18: 90 | F18: =C18*D18*E18 -> 0 | H18: 0.06 | I18: =+H18*F18 -> 0
A19: 2875892 | B19: ISIS HS 750g LEMON LIMITLESS | C19: 12 | D19: 213 | F19: =C19*D19*E19 -> 0 | H19: 0.06 | I19: =+H19*F19 -> 0
A20: 2875893 | B20: ISIS HS 1,5Kg LEMON LIMITLESS | C20: 8 | D20: 417 | F20: =C20*D20*E20 -> 0 | H20: 0.06 | I20: =+H20*F20 -> 0
A21: 2910278 | B21: Nettoyant Moussant Javelisé 900ml | C21: 12 | D21: 123.5 | F21: =C21*D21*E21 -> 0 | H21: 0.04 | I21: =+H21*F21 -> 0
A22: 2943549 | B22: Pril ISIS Antibactérien 650ML Lemon | C22: 12 | D22: 168 | F22: =C22*D22*E22 -> 0 | I22: =+H22*F22 -> 0
A23: 2951994 | B23: Le Chat Rose 2,5L ADV23 | C23: 4 | D23: 810 | F23: =C23*D23*E23 -> 0 | H23: 0.06 | I23: =+H23*F23 -> 0
A24: 2952074 | B24: Le Chat Regular 2,5L ADV23 | C24: 4 | D24: 810 | F24: =C24*D24*E24 -> 0 | H24: 0.06 | I24: =+H24*F24 -> 0
A25: 2952081 | B25: Le Chat SDM 2,5L ADV23 | C25: 4 | D25: 810 | F25: =C25*D25*E25 -> 0 | H25: 0.06 | I25: =+H25*F25 -> 0
A26: 2952089 | B26: Le Chat Regular 1L ADV23 | C26: 10 | D26: 377 | F26: =C26*D26*E26 -> 0 | H26: 0.06 | I26: =+H26*F26 -> 0
A27: 2952090 | B27: Le Chat Rose 1L ADV23 | C27: 10 | D27: 377 | F27: =C27*D27*E27 -> 0 | H27: 0.06 | I27: =+H27*F27 -> 0
A28: 3035242 | B28: Le chat HDLD 4L ADV 23 non promo | C28: 3 | D28: 1145 | F28: =C28*D28*E28 -> 0 | H28: 0.06 | I28: =+H28*F28 -> 0
A29: 2958928 | B29: Le Chat 2,5kg bag ADV23 | C29: 4 | D29: 792 | F29: =C29*D29*E29 -> 0 | H29: 0.04 | I29: =+H29*F29 -> 0
A30: 2958931 | B30: Le Chat HS Gel 1L ADV23 | C30: 10 | D30: 331 | F30: =C30*D30*E30 -> 0 | H30: 0.04 | I30: =+H30*F30 -> 0
A31: 2958932 | B31: Le Chat HS 300gr ADV23 | C31: 25 | D31: 100 | F31: =C31*D31*E31 -> 0 | H31: 0.04 | I31: =+H31*F31 -> 0
A32: 2958933 | B32: Le Chat HS 750gr ADV23 | C32: 12 | D32: 233 | F32: =C32*D32*E32 -> 0 | H32: 0.04 | I32: =+H32*F32 -> 0
A33: 2970224 | B33: Pril Isis ultra power 1.25L | C33: 12 | D33: 284 | F33: =C33*D33*E33 -> 0 | I33: =+H33*F33 -> 0
A34: 2970482 | B34: Pril Isis ultra power 650ml | C34: 12 | D34: 168 | F34: =C34*D34*E34 -> 0 | I34: =+H34*F34 -> 0
A35: 2975112 | B35: Pril Isis ultra power 3 L | C35: 4 | D35: 664 | F35: =C35*D35*E35 -> 0 | I35: =+H35*F35 -> 0
A36: 2993253 | B36: Bref Triggers Cuisine 500ml | C36: 10 | D36: 221 | F36: =C36*D36*E36 -> 0 | I36: =+H36*F36 -> 0
A37: 2993256 | B37: ISIS Gold 5en1 300g | C37: 25 | D37: 90 | F37: =C37*D37*E37 -> 0 | H37: 0.06 | I37: =+H37*F37 -> 0
A38: 3002104 | B38: ISIS LS bag 2.5kg Lemon | C38: 4 | D38: 723 | F38: =C38*D38*E38 -> 0 | H38: 0.04 | I38: =+H38*F38 -> 0
A39: 3004676 | B39: ISIS gel machine universel 2.5L | C39: 4 | D39: 510 | F39: =C39*D39*E39 -> 0 | H39: 0.04 | I39: =+H39*F39 -> 0
A40: 3004679 | B40: ISIS gel machine universal 900ml | C40: 10 | D40: 265 | F40: =C40*D40*E40 -> 0 | H40: 0.04 | I40: =+H40*F40 -> 0
A41: 3011702 | B41: Bref javel pure power 900mL-DZ | C41: 12 | D41: 86 | F41: =C41*D41*E41 -> 0 | H41: 0.04 | I41: =+H41*F41 -> 0
A42: 3013691 | B42: Bref javel regular pure power 1,75L | C42: 6 | D42: 154 | F42: =C42*D42*E42 -> 0 | H42: 0.04 | I42: =+H42*F42 -> 0
A43: 3013692 | B43: Pril ISIS antibactérien 1.25L | C43: 12 | D43: 284 | F43: =C43*D43*E43 -> 0 | I43: =+H43*F43 -> 0
A44: 3014424 | B44: Le Chat Premium 1L LS GEL | C44: 10 | D44: 426 | F44: =C44*D44*E44 -> 0 | I44: =+H44*F44 -> 0
A45: 3019788 | B45: Pril isis antibac 1250ml promo | C45: 12 | D45: 267 | F45: =C45*D45*E45 -> 0 | I45: =+H45*F45 -> 0
A46: 3019789 | B46: Pril isis ultra power 1250ml promo | C46: 12 | D46: 267 | F46: =C46*D46*E46 -> 0 | I46: =+H46*F46 -> 0
A47: 3019821 | B47: Pril isis ultrapower 650ml promo | C47: 12 | D47: 156 | F47: =C47*D47*E47 -> 0 | I47: =+H47*F47 -> 0
A48: 3019822 | B48: Pril isis antibac 650ml promo | C48: 12 | D48: 156 | F48: =C48*D48*E48 -> 0 | I48: =+H48*F48 -> 0
A49: 3023685 | B49: Isis Bouquet 950ml Blan jasmin | C49: 12 | D49: 151 | F49: =C49*D49*E49 -> 0 | H49: 0.06 | I49: =+H49*F49 -> 0
A50: 3023684 | B50: isis Bouquet 950ml Rose | C50: 12 | D50: 151 | F50: =C50*D50*E50 -> 0 | H50: 0.06 | I50: =+H50*F50 -> 0
A51: 3021473 | B51: isis Bouquet 950ml Lavande | C51: 12 | D51: 151 | F51: =C51*D51*E51 -> 0 | H51: 0.06 | I51: =+H51*F51 -> 0
A52: 3030417 | B52: ISIS GOLD 5 en 1 HS 750g | C52: 12 | D52: 213 | F52: =C52*D52*E52 -> 0 | H52: 0.06 | I52: =+H52*F52 -> 0
A53: 3030426 | B53: Le Chat HS 1,5 KG ADV23 | C53: 8 | D53: 415 | F53: =C53*D53*E53 -> 0 | H53: 0.04 | I53: =+H53*F53 -> 0
A54: 3030254 | B54: ISIS Machine 2.5 kg Bag Promo Price OFF | C54: 4 | D54: 605 | F54: =C54*D54*E54 -> 0 | H54: 0.04 | I54: =+H54*F54 -> 0
A55: 3075606 | B55: Pril isis 650ml limited edition | C55: 12 | D55: 168 | F55: =C55*D55*E55 -> 0 | I55: =+H55*F55 -> 0
A56: 3051115 | B56: Le Chat HS Rose 750gr ADV23 | C56: 12 | D56: 233 | F56: =C56*D56*E56 -> 0 | H56: 0.04 | I56: =+H56*F56 -> 0
A57: 3051116 | B57: Le Chat HS Rose 300gr ADV23 | C57: 25 | D57: 100 | F57: =C57*D57*E57 -> 0 | H57: 0.04 | I57: =+H57*F57 -> 0
A58: 3020036 | B58: Promo Le Chat Liquide Machine 2.5L SDM | C58: 4 | D58: 725 | F58: =C58*D58*E58 -> 0 | H58: 0.06 | I58: =+H58*F58 -> 0
A59: 3020066 | B59: Promo Le Chat Liquide Machine 2.5L Rose | C59: 4 | D59: 725 | F59: =C59*D59*E59 -> 0 | H59: 0.06 | I59: =+H59*F59 -> 0
A60: 3021054 | B60: Le Chat Liquide Machine 2.5L (PROMO) | C60: 4 | D60: 725 | F60: =C60*D60*E60 -> 0 | H60: 0.06 | I60: =+H60*F60 -> 0
A61: 3091334 | B61: ISIS GOLD Machine Liquide 2.5L Lavander | C61: 4 | D61: 510 | F61: =C61*D61*E61 -> 0 | H61: 0.04 | I61: =+H61*F61 -> 0
A62: 3026745 | B62: Gliss Ultimate Repair 250ml | C62: 12 | D62: 378.5 | F62: =C62*D62*E62 -> 0 | H62: 0.04 | I62: =+H62*F62 -> 0
A63: 3026747 | B63: Gliss Aqua Revive 250ml | C63: 12 | D63: 378.5 | F63: =C63*D63*E63 -> 0 | H63: 0.04 | I63: =+H63*F63 -> 0
A64: 3026748 | B64: Gliss Oil Nutritive 250ml | C64: 12 | D64: 378.5 | F64: =C64*D64*E64 -> 0 | H64: 0.04 | I64: =+H64*F64 -> 0
A65: 3026746 | B65: Gliss Supreme Length 250ml | C65: 12 | D65: 378.5 | F65: =C65*D65*E65 -> 0 | H65: 0.04 | I65: =+H65*F65 -> 0
A66: 3026749 | B66: Gliss Aqua Revive 200ml | C66: 6 | D66: 379 | F66: =C66*D66*E66 -> 0 | H66: 0.04 | I66: =+H66*F66 -> 0
A67: 3026771 | B67: Gliss Oil Nutritive 200ml | C67: 6 | D67: 379 | F67: =C67*D67*E67 -> 0 | H67: 0.04 | I67: =+H67*F67 -> 0
... A72: 1250003 | B72: Le Chat Liquide Machine 2.5L Rose - Including TPR | C72: 4 | D72: 725 | F72: =C72*D72*E72 -> 0 | H72: 0.06 | I72: =+H72*F72 -> 0
A73: 3072880 | B73: Pril isis 1,25L l limited edition | C73: 12 | D73: 284 | F73: =C73*D73*E73 -> 0 | I73: =+H73*F73 -> 0
B74: TOTAL CARTONS | D74: =SUM(E14:E73) -> 0 | E74: TTC | F74: =SUM(F12:F73) -> 0 | G74: =SUM(G12:G73) -> 0 | I74: =SUM(I12:I73) -> 0
E75: REMISE | F75: =+I74 -> 0
E76: NET | F76: =+F74-F75 -> 0

Sheet 18
A1: SARL ANDROMEDE DISTRIBUTION
A2: CITE CHAABIA LOT 16 SECTION 02 BIR TOUTA, ALGER.
A3: R-C : 16/00-1010272 B15 I-F : 001516101027219 ART : 16360128161 N° TEL : 0555048930
A5: BON DE LIVRAISON
A7: CLIENT :
A8: ADRESSE :
A9: DATE : | B9: =+'BON DE PREPARATION'!B9 -> 08 07 2023 | D9: LIVREUR :
A11: Code IDH | B11: PRODUITS | C11: Qté/Crt | D11: P.U. | E11: Qté. Vendu | F11: Montant TTC | G11: REMISE SALES BUZZ | H11: % REMISE | I11: REMISE
A12: 2682282 | B12: Le Chat Premium RL 2.5L | C12: 4 | D12: 995 | F12: =C12*D12*E12 -> 0 | H12: 0.06 | I12: =+H12*F12 -> 0
A13: 3035219 | B13: Le Chat LS BAG 2.5kg PROMO | C13: 4 | D13: 695 | F13: =C13*D13*E13 -> 0 | H13: 0.04 | I13: =+H13*F13 -> 0
A14: 3051094 | B14: Bref Moussant 1,75L | C14: 6 | D14: 226 | F14: =C14*D14*E14 -> 0 | H14: 0.04 | I14: =+H14*F14 -> 0
A15: 2823409 | B15: ISIS HS POWDER SDM 300GR LIMITLESS | C15: 25 | D15: 90 | F15: =C15*D15*E15 -> 0 | H15: 0.06 | I15: =+H15*F15 -> 0
A16: 3072722 | B16: BREF Trigger multi-surface 490ml | C16: 12 | D16: 221 | F16: =C16*D16*E16 -> 0 | I16: =+H16*F16 -> 0
A17: 3022693 | B17: Pril ISIS Cold Power 3L Promo | C17: 4 | D17: 595 | F17: =C17*D17*E17 -> 0 | I17: =+H17*F17 -> 0
A18: 2875891 | B18: ISIS HS 300g LEMON LIMITLESS | C18: 25 | D18: 90 | F18: =C18*D18*E18 -> 0 | H18: 0.06 | I18: =+H18*F18 -> 0
A19: 2875892 | B19: ISIS HS 750g LEMON LIMITLESS | C19: 12 | D19: 213 | F19: =C19*D19*E19 -> 0 | H19: 0.06 | I19: =+H19*F19 -> 0
A20: 2875893 | B20: ISIS HS 1,5Kg LEMON LIMITLESS | C20: 8 | D20: 417 | F20: =C20*D20*E20 -> 0 | H20: 0.06 | I20: =+H20*F20 -> 0
A21: 2910278 | B21: Nettoyant Moussant Javelisé 900ml | C21: 12 | D21: 123.5 | F21: =C21*D21*E21 -> 0 | H21: 0.04 | I21: =+H21*F21 -> 0
A22: 2943549 | B22: Pril ISIS Antibactérien 650ML Lemon | C22: 12 | D22: 168 | F22: =C22*D22*E22 -> 0 | I22: =+H22*F22 -> 0
A23: 2951994 | B23: Le Chat Rose 2,5L ADV23 | C23: 4 | D23: 810 | F23: =C23*D23*E23 -> 0 | H23: 0.06 | I23: =+H23*F23 -> 0
A24: 2952074 | B24: Le Chat Regular 2,5L ADV23 | C24: 4 | D24: 810 | F24: =C24*D24*E24 -> 0 | H24: 0.06 | I24: =+H24*F24 -> 0
A25: 2952081 | B25: Le Chat SDM 2,5L ADV23 | C25: 4 | D25: 810 | F25: =C25*D25*E25 -> 0 | H25: 0.06 | I25: =+H25*F25 -> 0
A26: 2952089 | B26: Le Chat Regular 1L ADV23 | C26: 10 | D26: 377 | F26: =C26*D26*E26 -> 0 | H26: 0.06 | I26: =+H26*F26 -> 0
A27: 2952090 | B27: Le Chat Rose 1L ADV23 | C27: 10 | D27: 377 | F27: =C27*D27*E27 -> 0 | H27: 0.06 | I27: =+H27*F27 -> 0
A28: 3035242 | B28: Le chat HDLD 4L ADV 23 non promo | C28: 3 | D28: 1145 | F28: =C28*D28*E28 -> 0 | H28: 0.06 | I28: =+H28*F28 -> 0
A29: 2958928 | B29: Le Chat 2,5kg bag ADV23 | C29: 4 | D29: 792 | F29: =C29*D29*E29 -> 0 | H29: 0.04 | I29: =+H29*F29 -> 0
A30: 2958931 | B30: Le Chat HS Gel 1L ADV23 | C30: 10 | D30: 331 | F30: =C30*D30*E30 -> 0 | H30: 0.04 | I30: =+H30*F30 -> 0
A31: 2958932 | B31: Le Chat HS 300gr ADV23 | C31: 25 | D31: 100 | F31: =C31*D31*E31 -> 0 | H31: 0.04 | I31: =+H31*F31 -> 0
A32: 2958933 | B32: Le Chat HS 750gr ADV23 | C32: 12 | D32: 233 | F32: =C32*D32*E32 -> 0 | H32: 0.04 | I32: =+H32*F32 -> 0
A33: 2970224 | B33: Pril Isis ultra power 1.25L | C33: 12 | D33: 284 | F33: =C33*D33*E33 -> 0 | I33: =+H33*F33 -> 0
A34: 2970482 | B34: Pril Isis ultra power 650ml | C34: 12 | D34: 168 | F34: =C34*D34*E34 -> 0 | I34: =+H34*F34 -> 0
A35: 2975112 | B35: Pril Isis ultra power 3 L | C35: 4 | D35: 664 | F35: =C35*D35*E35 -> 0 | I35: =+H35*F35 -> 0
A36: 2993253 | B36: Bref Triggers Cuisine 500ml | C36: 10 | D36: 221 | F36: =C36*D36*E36 -> 0 | I36: =+H36*F36 -> 0
A37: 2993256 | B37: ISIS Gold 5en1 300g | C37: 25 | D37: 90 | F37: =C37*D37*E37 -> 0 | H37: 0.06 | I37: =+H37*F37 -> 0
A38: 3002104 | B38: ISIS LS bag 2.5kg Lemon | C38: 4 | D38: 723 | F38: =C38*D38*E38 -> 0 | H38: 0.04 | I38: =+H38*F38 -> 0
A39: 3004676 | B39: ISIS gel machine universel 2.5L | C39: 4 | D39: 510 | F39: =C39*D39*E39 -> 0 | H39: 0.04 | I39: =+H39*F39 -> 0
A40: 3004679 | B40: ISIS gel machine universal 900ml | C40: 10 | D40: 265 | F40: =C40*D40*E40 -> 0 | H40: 0.04 | I40: =+H40*F40 -> 0
A41: 3011702 | B41: Bref javel pure power 900mL-DZ | C41: 12 | D41: 86 | F41: =C41*D41*E41 -> 0 | H41: 0.04 | I41: =+H41*F41 -> 0
A42: 3013691 | B42: Bref javel regular pure power 1,75L | C42: 6 | D42: 154 | F42: =C42*D42*E42 -> 0 | H42: 0.04 | I42: =+H42*F42 -> 0
A43: 3013692 | B43: Pril ISIS antibactérien 1.25L | C43: 12 | D43: 284 | F43: =C43*D43*E43 -> 0 | I43: =+H43*F43 -> 0
A44: 3014424 | B44: Le Chat Premium 1L LS GEL | C44: 10 | D44: 426 | F44: =C44*D44*E44 -> 0 | I44: =+H44*F44 -> 0
A45: 3019788 | B45: Pril isis antibac 1250ml promo | C45: 12 | D45: 267 | F45: =C45*D45*E45 -> 0 | I45: =+H45*F45 -> 0
A46: 3019789 | B46: Pril isis ultra power 1250ml promo | C46: 12 | D46: 267 | F46: =C46*D46*E46 -> 0 | I46: =+H46*F46 -> 0
A47: 3019821 | B47: Pril isis ultrapower 650ml promo | C47: 12 | D47: 156 | F47: =C47*D47*E47 -> 0 | I47: =+H47*F47 -> 0
A48: 3019822 | B48: Pril isis antibac 650ml promo | C48: 12 | D48: 156 | F48: =C48*D48*E48 -> 0 | I48: =+H48*F48 -> 0
A49: 3023685 | B49: Isis Bouquet 950ml Blan jasmin | C49: 12 | D49: 151 | F49: =C49*D49*E49 -> 0 | H49: 0.06 | I49: =+H49*F49 -> 0
A50: 3023684 | B50: isis Bouquet 950ml Rose | C50: 12 | D50: 151 | F50: =C50*D50*E50 -> 0 | H50: 0.06 | I50: =+H50*F50 -> 0
A51: 3021473 | B51: isis Bouquet 950ml Lavande | C51: 12 | D51: 151 | F51: =C51*D51*E51 -> 0 | H51: 0.06 | I51: =+H51*F51 -> 0
A52: 3030417 | B52: ISIS GOLD 5 en 1 HS 750g | C52: 12 | D52: 213 | F52: =C52*D52*E52 -> 0 | H52: 0.06 | I52: =+H52*F52 -> 0
A53: 3030426 | B53: Le Chat HS 1,5 KG ADV23 | C53: 8 | D53: 415 | F53: =C53*D53*E53 -> 0 | H53: 0.04 | I53: =+H53*F53 -> 0
A54: 3030254 | B54: ISIS Machine 2.5 kg Bag Promo Price OFF | C54: 4 | D54: 605 | F54: =C54*D54*E54 -> 0 | H54: 0.04 | I54: =+H54*F54 -> 0
A55: 3075606 | B55: Pril isis 650ml limited edition | C55: 12 | D55: 168 | F55: =C55*D55*E55 -> 0 | I55: =+H55*F55 -> 0
A56: 3051115 | B56: Le Chat HS Rose 750gr ADV23 | C56: 12 | D56: 233 | F56: =C56*D56*E56 -> 0 | H56: 0.04 | I56: =+H56*F56 -> 0
A57: 3051116 | B57: Le Chat HS Rose 300gr ADV23 | C57: 25 | D57: 100 | F57: =C57*D57*E57 -> 0 | H57: 0.04 | I57: =+H57*F57 -> 0
A58: 3020036 | B58: Promo Le Chat Liquide Machine 2.5L SDM | C58: 4 | D58: 725 | F58: =C58*D58*E58 -> 0 | H58: 0.06 | I58: =+H58*F58 -> 0
A59: 3020066 | B59: Promo Le Chat Liquide Machine 2.5L Rose | C59: 4 | D59: 725 | F59: =C59*D59*E59 -> 0 | H59: 0.06 | I59: =+H59*F59 -> 0
A60: 3021054 | B60: Le Chat Liquide Machine 2.5L (PROMO) | C60: 4 | D60: 725 | F60: =C60*D60*E60 -> 0 | H60: 0.06 | I60: =+H60*F60 -> 0
A61: 3091334 | B61: ISIS GOLD Machine Liquide 2.5L Lavander | C61: 4 | D61: 510 | F61: =C61*D61*E61 -> 0 | H61: 0.04 | I61: =+H61*F61 -> 0
A62: 3026745 | B62: Gliss Ultimate Repair 250ml | C62: 12 | D62: 378.5 | F62: =C62*D62*E62 -> 0 | H62: 0.04 | I62: =+H62*F62 -> 0
A63: 3026747 | B63: Gliss Aqua Revive 250ml | C63: 12 | D63: 378.5 | F63: =C63*D63*E63 -> 0 | H63: 0.04 | I63: =+H63*F63 -> 0
A64: 3026748 | B64: Gliss Oil Nutritive 250ml | C64: 12 | D64: 378.5 | F64: =C64*D64*E64 -> 0 | H64: 0.04 | I64: =+H64*F64 -> 0
A65: 3026746 | B65: Gliss Supreme Length 250ml | C65: 12 | D65: 378.5 | F65: =C65*D65*E65 -> 0 | H65: 0.04 | I65: =+H65*F65 -> 0
A66: 3026749 | B66: Gliss Aqua Revive 200ml | C66: 6 | D66: 379 | F66: =C66*D66*E66 -> 0 | H66: 0.04 | I66: =+H66*F66 -> 0
A67: 3026771 | B67: Gliss Oil Nutritive 200ml | C67: 6 | D67: 379 | F67: =C67*D67*E67 -> 0 | H67: 0.04 | I67: =+H67*F67 -> 0
... A72: 1250003 | B72: Le Chat Liquide Machine 2.5L Rose - Including TPR | C72: 4 | D72: 725 | F72: =C72*D72*E72 -> 0 | H72: 0.06 | I72: =+H72*F72 -> 0
A73: 3072880 | B73: Pril isis 1,25L l limited edition | C73: 12 | D73: 284 | F73: =C73*D73*E73 -> 0 | I73: =+H73*F73 -> 0
B74: TOTAL CARTONS | D74: =SUM(E14:E73) -> 0 | E74: TTC | F74: =SUM(F12:F73) -> 0 | G74: =SUM(G12:G73) -> 0 | I74: =SUM(I12:I73) -> 0
E75: REMISE | F75: =+I74 -> 0
E76: NET | F76: =+F74-F75 -> 0

Sheet 19
A1: SARL ANDROMEDE DISTRIBUTION
A2: CITE CHAABIA LOT 16 SECTION 02 BIR TOUTA, ALGER.
A3: R-C : 16/00-1010272 B15 I-F : 001516101027219 ART : 16360128161 N° TEL : 0555048930
A5: BON DE LIVRAISON
A7: CLIENT :
A8: ADRESSE :
A9: DATE : | D9: LIVREUR :
A11: Code IDH | B11: PRODUITS | C11: Qté/Crt | D11: P.U. | E11: Qté. Vendu | F11: Montant TTC | G11: REMISE SALES BUZZ | H11: % REMISE | I11: REMISE
A12: 2682282 | B12: Le Chat Premium RL 2.5L | C12: 4 | D12: 995 | F12: =C12*D12*E12 -> 0 | H12: 0.06 | I12: =+H12*F12 -> 0
A13: 3035219 | B13: Le Chat LS BAG 2.5kg PROMO | C13: 4 | D13: 695 | F13: =C13*D13*E13 -> 0 | H13: 0.04 | I13: =+H13*F13 -> 0
A14: 3051094 | B14: Bref Moussant 1,75L | C14: 6 | D14: 226 | F14: =C14*D14*E14 -> 0 | H14: 0.04 | I14: =+H14*F14 -> 0
A15: 2823409 | B15: ISIS HS POWDER SDM 300GR LIMITLESS | C15: 25 | D15: 90 | F15: =C15*D15*E15 -> 0 | H15: 0.06 | I15: =+H15*F15 -> 0
A16: 3072722 | B16: BREF Trigger multi-surface 490ml | C16: 12 | D16: 221 | F16: =C16*D16*E16 -> 0 | I16: =+H16*F16 -> 0
A17: 3022693 | B17: Pril ISIS Cold Power 3L Promo | C17: 4 | D17: 595 | F17: =C17*D17*E17 -> 0 | I17: =+H17*F17 -> 0
A18: 2875891 | B18: ISIS HS 300g LEMON LIMITLESS | C18: 25 | D18: 90 | F18: =C18*D18*E18 -> 0 | H18: 0.06 | I18: =+H18*F18 -> 0
A19: 2875892 | B19: ISIS HS 750g LEMON LIMITLESS | C19: 12 | D19: 213 | F19: =C19*D19*E19 -> 0 | H19: 0.06 | I19: =+H19*F19 -> 0
A20: 2875893 | B20: ISIS HS 1,5Kg LEMON LIMITLESS | C20: 8 | D20: 417 | F20: =C20*D20*E20 -> 0 | H20: 0.06 | I20: =+H20*F20 -> 0
A21: 2910278 | B21: Nettoyant Moussant Javelisé 900ml | C21: 12 | D21: 123.5 | F21: =C21*D21*E21 -> 0 | H21: 0.04 | I21: =+H21*F21 -> 0
A22: 2943549 | B22: Pril ISIS Antibactérien 650ML Lemon | C22: 12 | D22: 168 | F22: =C22*D22*E22 -> 0 | I22: =+H22*F22 -> 0
A23: 2951994 | B23: Le Chat Rose 2,5L ADV23 | C23: 4 | D23: 810 | F23: =C23*D23*E23 -> 0 | H23: 0.06 | I23: =+H23*F23 -> 0
A24: 2952074 | B24: Le Chat Regular 2,5L ADV23 | C24: 4 | D24: 810 | F24: =C24*D24*E24 -> 0 | H24: 0.06 | I24: =+H24*F24 -> 0
A25: 2952081 | B25: Le Chat SDM 2,5L ADV23 | C25: 4 | D25: 810 | F25: =C25*D25*E25 -> 0 | H25: 0.06 | I25: =+H25*F25 -> 0
A26: 2952089 | B26: Le Chat Regular 1L ADV23 | C26: 10 | D26: 377 | F26: =C26*D26*E26 -> 0 | H26: 0.06 | I26: =+H26*F26 -> 0
A27: 2952090 | B27: Le Chat Rose 1L ADV23 | C27: 10 | D27: 377 | F27: =C27*D27*E27 -> 0 | H27: 0.06 | I27: =+H27*F27 -> 0
A28: 3035242 | B28: Le chat HDLD 4L ADV 23 non promo | C28: 3 | D28: 1145 | F28: =C28*D28*E28 -> 0 | H28: 0.06 | I28: =+H28*F28 -> 0
A29: 2958928 | B29: Le Chat 2,5kg bag ADV23 | C29: 4 | D29: 792 | F29: =C29*D29*E29 -> 0 | H29: 0.04 | I29: =+H29*F29 -> 0
A30: 2958931 | B30: Le Chat HS Gel 1L ADV23 | C30: 10 | D30: 331 | F30: =C30*D30*E30 -> 0 | H30: 0.04 | I30: =+H30*F30 -> 0
A31: 2958932 | B31: Le Chat HS 300gr ADV23 | C31: 25 | D31: 100 | F31: =C31*D31*E31 -> 0 | H31: 0.04 | I31: =+H31*F31 -> 0
A32: 2958933 | B32: Le Chat HS 750gr ADV23 | C32: 12 | D32: 233 | F32: =C32*D32*E32 -> 0 | H32: 0.04 | I32: =+H32*F32 -> 0
A33: 2970224 | B33: Pril Isis ultra power 1.25L | C33: 12 | D33: 284 | F33: =C33*D33*E33 -> 0 | I33: =+H33*F33 -> 0
A34: 2970482 | B34: Pril Isis ultra power 650ml | C34: 12 | D34: 168 | F34: =C34*D34*E34 -> 0 | I34: =+H34*F34 -> 0
A35: 2975112 | B35: Pril Isis ultra power 3 L | C35: 4 | D35: 664 | F35: =C35*D35*E35 -> 0 | I35: =+H35*F35 -> 0
A36: 2993253 | B36: Bref Triggers Cuisine 500ml | C36: 10 | D36: 221 | F36: =C36*D36*E36 -> 0 | I36: =+H36*F36 -> 0
A37: 2993256 | B37: ISIS Gold 5en1 300g | C37: 25 | D37: 90 | F37: =C37*D37*E37 -> 0 | H37: 0.06 | I37: =+H37*F37 -> 0
A38: 3002104 | B38: ISIS LS bag 2.5kg Lemon | C38: 4 | D38: 723 | F38: =C38*D38*E38 -> 0 | H38: 0.04 | I38: =+H38*F38 -> 0
A39: 3004676 | B39: ISIS gel machine universel 2.5L | C39: 4 | D39: 510 | F39: =C39*D39*E39 -> 0 | H39: 0.04 | I39: =+H39*F39 -> 0
A40: 3004679 | B40: ISIS gel machine universal 900ml | C40: 10 | D40: 265 | F40: =C40*D40*E40 -> 0 | H40: 0.04 | I40: =+H40*F40 -> 0
A41: 3011702 | B41: Bref javel pure power 900mL-DZ | C41: 12 | D41: 86 | F41: =C41*D41*E41 -> 0 | H41: 0.04 | I41: =+H41*F41 -> 0
A42: 3013691 | B42: Bref javel regular pure power 1,75L | C42: 6 | D42: 154 | F42: =C42*D42*E42 -> 0 | H42: 0.04 | I42: =+H42*F42 -> 0
A43: 3013692 | B43: Pril ISIS antibactérien 1.25L | C43: 12 | D43: 284 | F43: =C43*D43*E43 -> 0 | I43: =+H43*F43 -> 0
A44: 3014424 | B44: Le Chat Premium 1L LS GEL | C44: 10 | D44: 426 | F44: =C44*D44*E44 -> 0 | I44: =+H44*F44 -> 0
A45: 3019788 | B45: Pril isis antibac 1250ml promo | C45: 12 | D45: 267 | F45: =C45*D45*E45 -> 0 | I45: =+H45*F45 -> 0
A46: 3019789 | B46: Pril isis ultra power 1250ml promo | C46: 12 | D46: 267 | F46: =C46*D46*E46 -> 0 | I46: =+H46*F46 -> 0
A47: 3019821 | B47: Pril isis ultrapower 650ml promo | C47: 12 | D47: 156 | F47: =C47*D47*E47 -> 0 | I47: =+H47*F47 -> 0
A48: 3019822 | B48: Pril isis antibac 650ml promo | C48: 12 | D48: 156 | F48: =C48*D48*E48 -> 0 | I48: =+H48*F48 -> 0
A49: 3023685 | B49: Isis Bouquet 950ml Blan jasmin | C49: 12 | D49: 151 | F49: =C49*D49*E49 -> 0 | H49: 0.06 | I49: =+H49*F49 -> 0
A50: 3023684 | B50: isis Bouquet 950ml Rose | C50: 12 | D50: 151 | F50: =C50*D50*E50 -> 0 | H50: 0.06 | I50: =+H50*F50 -> 0
A51: 3021473 | B51: isis Bouquet 950ml Lavande | C51: 12 | D51: 151 | F51: =C51*D51*E51 -> 0 | H51: 0.06 | I51: =+H51*F51 -> 0
A52: 3030417 | B52: ISIS GOLD 5 en 1 HS 750g | C52: 12 | D52: 213 | F52: =C52*D52*E52 -> 0 | H52: 0.06 | I52: =+H52*F52 -> 0
A53: 3030426 | B53: Le Chat HS 1,5 KG ADV23 | C53: 8 | D53: 415 | F53: =C53*D53*E53 -> 0 | H53: 0.04 | I53: =+H53*F53 -> 0
A54: 3030254 | B54: ISIS Machine 2.5 kg Bag Promo Price OFF | C54: 4 | D54: 605 | F54: =C54*D54*E54 -> 0 | H54: 0.04 | I54: =+H54*F54 -> 0
A55: 3075606 | B55: Pril isis 650ml limited edition | C55: 12 | D55: 168 | F55: =C55*D55*E55 -> 0 | I55: =+H55*F55 -> 0
A56: 3051115 | B56: Le Chat HS Rose 750gr ADV23 | C56: 12 | D56: 233 | F56: =C56*D56*E56 -> 0 | H56: 0.04 | I56: =+H56*F56 -> 0
A57: 3051116 | B57: Le Chat HS Rose 300gr ADV23 | C57: 25 | D57: 100 | F57: =C57*D57*E57 -> 0 | H57: 0.04 | I57: =+H57*F57 -> 0
A58: 3020036 | B58: Promo Le Chat Liquide Machine 2.5L SDM | C58: 4 | D58: 725 | F58: =C58*D58*E58 -> 0 | H58: 0.06 | I58: =+H58*F58 -> 0
A59: 3020066 | B59: Promo Le Chat Liquide Machine 2.5L Rose | C59: 4 | D59: 725 | F59: =C59*D59*E59 -> 0 | H59: 0.06 | I59: =+H59*F59 -> 0
A60: 3021054 | B60: Le Chat Liquide Machine 2.5L (PROMO) | C60: 4 | D60: 725 | F60: =C60*D60*E60 -> 0 | H60: 0.06 | I60: =+H60*F60 -> 0
A61: 3091334 | B61: ISIS GOLD Machine Liquide 2.5L Lavander | C61: 4 | D61: 510 | F61: =C61*D61*E61 -> 0 | H61: 0.04 | I61: =+H61*F61 -> 0
A62: 3026745 | B62: Gliss Ultimate Repair 250ml | C62: 12 | D62: 378.5 | F62: =C62*D62*E62 -> 0 | H62: 0.04 | I62: =+H62*F62 -> 0
A63: 3026747 | B63: Gliss Aqua Revive 250ml | C63: 12 | D63: 378.5 | F63: =C63*D63*E63 -> 0 | H63: 0.04 | I63: =+H63*F63 -> 0
A64: 3026748 | B64: Gliss Oil Nutritive 250ml | C64: 12 | D64: 378.5 | F64: =C64*D64*E64 -> 0 | H64: 0.04 | I64: =+H64*F64 -> 0
A65: 3026746 | B65: Gliss Supreme Length 250ml | C65: 12 | D65: 378.5 | F65: =C65*D65*E65 -> 0 | H65: 0.04 | I65: =+H65*F65 -> 0
A66: 3026749 | B66: Gliss Aqua Revive 200ml | C66: 6 | D66: 379 | F66: =C66*D66*E66 -> 0 | H66: 0.04 | I66: =+H66*F66 -> 0
A67: 3026771 | B67: Gliss Oil Nutritive 200ml | C67: 6 | D67: 379 | F67: =C67*D67*E67 -> 0 | H67: 0.04 | I67: =+H67*F67 -> 0
... A72: 1250003 | B72: Le Chat Liquide Machine 2.5L Rose - Including TPR | C72: 4 | D72: 725 | F72: =C72*D72*E72 -> 0 | H72: 0.06 | I72: =+H72*F72 -> 0
A73: 3072880 | B73: Pril isis 1,25L l limited edition | C73: 12 | D73: 284 | F73: =C73*D73*E73 -> 0 | I73: =+H73*F73 -> 0
B74: TOTAL CARTONS | D74: =SUM(E14:E73) -> 0 | E74: TTC | F74: =SUM(F12:F73) -> 0 | G74: =SUM(G12:G73) -> 0 | I74: =SUM(I12:I73) -> 0
E75: REMISE | F75: =+I74 -> 0
E76: NET | F76: =+F74-F75 -> 0

Sheet 20
A1: SARL ANDROMEDE DISTRIBUTION
A2: CITE CHAABIA LOT 16 SECTION 02 BIR TOUTA, ALGER.
A3: R-C : 16/00-1010272 B15 I-F : 001516101027219 ART : 16360128161 N° TEL : 0555048930
A5: BON DE LIVRAISON
A7: CLIENT :
A8: ADRESSE :
A9: DATE : | B9: =+'BON DE PREPARATION'!B9 -> 08 07 2023 | D9: LIVREUR :
A11: Code IDH | B11: PRODUITS | C11: Qté/Crt | D11: P.U. | E11: Qté. Vendu | F11: Montant TTC | G11: REMISE SALES BUZZ | H11: % REMISE | I11: REMISE
A12: 2682282 | B12: Le Chat Premium RL 2.5L | C12: 4 | D12: 995 | F12: =C12*D12*E12 -> 0 | H12: 0.06 | I12: =+H12*F12 -> 0
A13: 3035219 | B13: Le Chat LS BAG 2.5kg PROMO | C13: 4 | D13: 695 | F13: =C13*D13*E13 -> 0 | H13: 0.04 | I13: =+H13*F13 -> 0
A14: 3051094 | B14: Bref Moussant 1,75L | C14: 6 | D14: 226 | F14: =C14*D14*E14 -> 0 | H14: 0.04 | I14: =+H14*F14 -> 0
A15: 2823409 | B15: ISIS HS POWDER SDM 300GR LIMITLESS | C15: 25 | D15: 90 | F15: =C15*D15*E15 -> 0 | H15: 0.06 | I15: =+H15*F15 -> 0
A16: 3072722 | B16: BREF Trigger multi-surface 490ml | C16: 12 | D16: 221 | F16: =C16*D16*E16 -> 0 | I16: =+H16*F16 -> 0
A17: 3022693 | B17: Pril ISIS Cold Power 3L Promo | C17: 4 | D17: 595 | F17: =C17*D17*E17 -> 0 | I17: =+H17*F17 -> 0
A18: 2875891 | B18: ISIS HS 300g LEMON LIMITLESS | C18: 25 | D18: 90 | F18: =C18*D18*E18 -> 0 | H18: 0.06 | I18: =+H18*F18 -> 0
A19: 2875892 | B19: ISIS HS 750g LEMON LIMITLESS | C19: 12 | D19: 213 | F19: =C19*D19*E19 -> 0 | H19: 0.06 | I19: =+H19*F19 -> 0
A20: 2875893 | B20: ISIS HS 1,5Kg LEMON LIMITLESS | C20: 8 | D20: 417 | F20: =C20*D20*E20 -> 0 | H20: 0.06 | I20: =+H20*F20 -> 0
A21: 2910278 | B21: Nettoyant Moussant Javelisé 900ml | C21: 12 | D21: 123.5 | F21: =C21*D21*E21 -> 0 | H21: 0.04 | I21: =+H21*F21 -> 0
A22: 2943549 | B22: Pril ISIS Antibactérien 650ML Lemon | C22: 12 | D22: 168 | F22: =C22*D22*E22 -> 0 | I22: =+H22*F22 -> 0
A23: 2951994 | B23: Le Chat Rose 2,5L ADV23 | C23: 4 | D23: 810 | F23: =C23*D23*E23 -> 0 | H23: 0.06 | I23: =+H23*F23 -> 0
A24: 2952074 | B24: Le Chat Regular 2,5L ADV23 | C24: 4 | D24: 810 | F24: =C24*D24*E24 -> 0 | H24: 0.06 | I24: =+H24*F24 -> 0
A25: 2952081 | B25: Le Chat SDM 2,5L ADV23 | C25: 4 | D25: 810 | F25: =C25*D25*E25 -> 0 | H25: 0.06 | I25: =+H25*F25 -> 0
A26: 2952089 | B26: Le Chat Regular 1L ADV23 | C26: 10 | D26: 377 | F26: =C26*D26*E26 -> 0 | H26: 0.06 | I26: =+H26*F26 -> 0
A27: 2952090 | B27: Le Chat Rose 1L ADV23 | C27: 10 | D27: 377 | F27: =C27*D27*E27 -> 0 | H27: 0.06 | I27: =+H27*F27 -> 0
A28: 3035242 | B28: Le chat HDLD 4L ADV 23 non promo | C28: 3 | D28: 1145 | F28: =C28*D28*E28 -> 0 | H28: 0.06 | I28: =+H28*F28 -> 0
A29: 2958928 | B29: Le Chat 2,5kg bag ADV23 | C29: 4 | D29: 792 | F29: =C29*D29*E29 -> 0 | H29: 0.04 | I29: =+H29*F29 -> 0
A30: 2958931 | B30: Le Chat HS Gel 1L ADV23 | C30: 10 | D30: 331 | F30: =C30*D30*E30 -> 0 | H30: 0.04 | I30: =+H30*F30 -> 0
A31: 2958932 | B31: Le Chat HS 300gr ADV23 | C31: 25 | D31: 100 | F31: =C31*D31*E31 -> 0 | H31: 0.04 | I31: =+H31*F31 -> 0
A32: 2958933 | B32: Le Chat HS 750gr ADV23 | C32: 12 | D32: 233 | F32: =C32*D32*E32 -> 0 | H32: 0.04 | I32: =+H32*F32 -> 0
A33: 2970224 | B33: Pril Isis ultra power 1.25L | C33: 12 | D33: 284 | F33: =C33*D33*E33 -> 0 | I33: =+H33*F33 -> 0
A34: 2970482 | B34: Pril Isis ultra power 650ml | C34: 12 | D34: 168 | F34: =C34*D34*E34 -> 0 | I34: =+H34*F34 -> 0
A35: 2975112 | B35: Pril Isis ultra power 3 L | C35: 4 | D35: 664 | F35: =C35*D35*E35 -> 0 | I35: =+H35*F35 -> 0
A36: 2993253 | B36: Bref Triggers Cuisine 500ml | C36: 10 | D36: 221 | F36: =C36*D36*E36 -> 0 | I36: =+H36*F36 -> 0
A37: 2993256 | B37: ISIS Gold 5en1 300g | C37: 25 | D37: 90 | F37: =C37*D37*E37 -> 0 | H37: 0.06 | I37: =+H37*F37 -> 0
A38: 3002104 | B38: ISIS LS bag 2.5kg Lemon | C38: 4 | D38: 723 | F38: =C38*D38*E38 -> 0 | H38: 0.04 | I38: =+H38*F38 -> 0
A39: 3004676 | B39: ISIS gel machine universel 2.5L | C39: 4 | D39: 510 | F39: =C39*D39*E39 -> 0 | H39: 0.04 | I39: =+H39*F39 -> 0
A40: 3004679 | B40: ISIS gel machine universal 900ml | C40: 10 | D40: 265 | F40: =C40*D40*E40 -> 0 | H40: 0.04 | I40: =+H40*F40 -> 0
A41: 3011702 | B41: Bref javel pure power 900mL-DZ | C41: 12 | D41: 86 | F41: =C41*D41*E41 -> 0 | H41: 0.04 | I41: =+H41*F41 -> 0
A42: 3013691 | B42: Bref javel regular pure power 1,75L | C42: 6 | D42: 154 | F42: =C42*D42*E42 -> 0 | H42: 0.04 | I42: =+H42*F42 -> 0
A43: 3013692 | B43: Pril ISIS antibactérien 1.25L | C43: 12 | D43: 284 | F43: =C43*D43*E43 -> 0 | I43: =+H43*F43 -> 0
A44: 3014424 | B44: Le Chat Premium 1L LS GEL | C44: 10 | D44: 426 | F44: =C44*D44*E44 -> 0 | I44: =+H44*F44 -> 0
A45: 3019788 | B45: Pril isis antibac 1250ml promo | C45: 12 | D45: 267 | F45: =C45*D45*E45 -> 0 | I45: =+H45*F45 -> 0
A46: 3019789 | B46: Pril isis ultra power 1250ml promo | C46: 12 | D46: 267 | F46: =C46*D46*E46 -> 0 | I46: =+H46*F46 -> 0
A47: 3019821 | B47: Pril isis ultrapower 650ml promo | C47: 12 | D47: 156 | F47: =C47*D47*E47 -> 0 | I47: =+H47*F47 -> 0
A48: 3019822 | B48: Pril isis antibac 650ml promo | C48: 12 | D48: 156 | F48: =C48*D48*E48 -> 0 | I48: =+H48*F48 -> 0
A49: 3023685 | B49: Isis Bouquet 950ml Blan jasmin | C49: 12 | D49: 151 | F49: =C49*D49*E49 -> 0 | H49: 0.06 | I49: =+H49*F49 -> 0
A50: 3023684 | B50: isis Bouquet 950ml Rose | C50: 12 | D50: 151 | F50: =C50*D50*E50 -> 0 | H50: 0.06 | I50: =+H50*F50 -> 0
A51: 3021473 | B51: isis Bouquet 950ml Lavande | C51: 12 | D51: 151 | F51: =C51*D51*E51 -> 0 | H51: 0.06 | I51: =+H51*F51 -> 0
A52: 3030417 | B52: ISIS GOLD 5 en 1 HS 750g | C52: 12 | D52: 213 | F52: =C52*D52*E52 -> 0 | H52: 0.06 | I52: =+H52*F52 -> 0
A53: 3030426 | B53: Le Chat HS 1,5 KG ADV23 | C53: 8 | D53: 415 | F53: =C53*D53*E53 -> 0 | H53: 0.04 | I53: =+H53*F53 -> 0
A54: 3030254 | B54: ISIS Machine 2.5 kg Bag Promo Price OFF | C54: 4 | D54: 605 | F54: =C54*D54*E54 -> 0 | H54: 0.04 | I54: =+H54*F54 -> 0
A55: 3075606 | B55: Pril isis 650ml limited edition | C55: 12 | D55: 168 | F55: =C55*D55*E55 -> 0 | I55: =+H55*F55 -> 0
A56: 3051115 | B56: Le Chat HS Rose 750gr ADV23 | C56: 12 | D56: 233 | F56: =C56*D56*E56 -> 0 | H56: 0.04 | I56: =+H56*F56 -> 0
A57: 3051116 | B57: Le Chat HS Rose 300gr ADV23 | C57: 25 | D57: 100 | F57: =C57*D57*E57 -> 0 | H57: 0.04 | I57: =+H57*F57 -> 0
A58: 3020036 | B58: Promo Le Chat Liquide Machine 2.5L SDM | C58: 4 | D58: 725 | F58: =C58*D58*E58 -> 0 | H58: 0.06 | I58: =+H58*F58 -> 0
A59: 3020066 | B59: Promo Le Chat Liquide Machine 2.5L Rose | C59: 4 | D59: 725 | F59: =C59*D59*E59 -> 0 | H59: 0.06 | I59: =+H59*F59 -> 0
A60: 3021054 | B60: Le Chat Liquide Machine 2.5L (PROMO) | C60: 4 | D60: 725 | F60: =C60*D60*E60 -> 0 | H60: 0.06 | I60: =+H60*F60 -> 0
A61: 3091334 | B61: ISIS GOLD Machine Liquide 2.5L Lavander | C61: 4 | D61: 510 | F61: =C61*D61*E61 -> 0 | H61: 0.04 | I61: =+H61*F61 -> 0
A62: 3026745 | B62: Gliss Ultimate Repair 250ml | C62: 12 | D62: 378.5 | F62: =C62*D62*E62 -> 0 | H62: 0.04 | I62: =+H62*F62 -> 0
A63: 3026747 | B63: Gliss Aqua Revive 250ml | C63: 12 | D63: 378.5 | F63: =C63*D63*E63 -> 0 | H63: 0.04 | I63: =+H63*F63 -> 0
A64: 3026748 | B64: Gliss Oil Nutritive 250ml | C64: 12 | D64: 378.5 | F64: =C64*D64*E64 -> 0 | H64: 0.04 | I64: =+H64*F64 -> 0
A65: 3026746 | B65: Gliss Supreme Length 250ml | C65: 12 | D65: 378.5 | F65: =C65*D65*E65 -> 0 | H65: 0.04 | I65: =+H65*F65 -> 0
A66: 3026749 | B66: Gliss Aqua Revive 200ml | C66: 6 | D66: 379 | F66: =C66*D66*E66 -> 0 | H66: 0.04 | I66: =+H66*F66 -> 0
A67: 3026771 | B67: Gliss Oil Nutritive 200ml | C67: 6 | D67: 379 | F67: =C67*D67*E67 -> 0 | H67: 0.04 | I67: =+H67*F67 -> 0
... A72: 1250003 | B72: Le Chat Liquide Machine 2.5L Rose - Including TPR | C72: 4 | D72: 725 | F72: =C72*D72*E72 -> 0 | H72: 0.06 | I72: =+H72*F72 -> 0
A73: 3072880 | B73: Pril isis 1,25L l limited edition | C73: 12 | D73: 284 | F73: =C73*D73*E73 -> 0 | I73: =+H73*F73 -> 0
B74: TOTAL CARTONS | D74: =SUM(E14:E73) -> 0 | E74: TTC | F74: =SUM(F12:F73) -> 0 | G74: =SUM(G12:G73) -> 0 | I74: =SUM(I12:I73) -> 0
E75: REMISE | F75: =+I74 -> 0
E76: NET | F76: =+F74-F75 -> 0

Sheet 21
A1: SARL ANDROMEDE DISTRIBUTION
A2: CITE CHAABIA LOT 16 SECTION 02 BIR TOUTA, ALGER.
A3: R-C : 16/00-1010272 B15 I-F : 001516101027219 ART : 16360128161 N° TEL : 0555048930
A5: BON DE LIVRAISON
A7: CLIENT :
A8: ADRESSE :
A9: DATE : | B9: =+'BON DE PREPARATION'!B9 -> 08 07 2023 | D9: LIVREUR :
A11: Code IDH | B11: PRODUITS | C11: Qté/Crt | D11: P.U. | E11: Qté. Vendu | F11: Montant TTC | G11: REMISE SALES BUZZ | H11: % REMISE | I11: REMISE
A12: 2682282 | B12: Le Chat Premium RL 2.5L | C12: 4 | D12: 995 | F12: =C12*D12*E12 -> 0 | H12: 0.06 | I12: =+H12*F12 -> 0
A13: 3035219 | B13: Le Chat LS BAG 2.5kg PROMO | C13: 4 | D13: 695 | F13: =C13*D13*E13 -> 0 | H13: 0.04 | I13: =+H13*F13 -> 0
A14: 3051094 | B14: Bref Moussant 1,75L | C14: 6 | D14: 226 | F14: =C14*D14*E14 -> 0 | H14: 0.04 | I14: =+H14*F14 -> 0
A15: 2823409 | B15: ISIS HS POWDER SDM 300GR LIMITLESS | C15: 25 | D15: 90 | F15: =C15*D15*E15 -> 0 | H15: 0.06 | I15: =+H15*F15 -> 0
A16: 3072722 | B16: BREF Trigger multi-surface 490ml | C16: 12 | D16: 221 | F16: =C16*D16*E16 -> 0 | I16: =+H16*F16 -> 0
A17: 3022693 | B17: Pril ISIS Cold Power 3L Promo | C17: 4 | D17: 595 | F17: =C17*D17*E17 -> 0 | I17: =+H17*F17 -> 0
A18: 2875891 | B18: ISIS HS 300g LEMON LIMITLESS | C18: 25 | D18: 90 | F18: =C18*D18*E18 -> 0 | H18: 0.06 | I18: =+H18*F18 -> 0
A19: 2875892 | B19: ISIS HS 750g LEMON LIMITLESS | C19: 12 | D19: 213 | F19: =C19*D19*E19 -> 0 | H19: 0.06 | I19: =+H19*F19 -> 0
A20: 2875893 | B20: ISIS HS 1,5Kg LEMON LIMITLESS | C20: 8 | D20: 417 | F20: =C20*D20*E20 -> 0 | H20: 0.06 | I20: =+H20*F20 -> 0
A21: 2910278 | B21: Nettoyant Moussant Javelisé 900ml | C21: 12 | D21: 123.5 | F21: =C21*D21*E21 -> 0 | H21: 0.04 | I21: =+H21*F21 -> 0
A22: 2943549 | B22: Pril ISIS Antibactérien 650ML Lemon | C22: 12 | D22: 168 | F22: =C22*D22*E22 -> 0 | I22: =+H22*F22 -> 0
A23: 2951994 | B23: Le Chat Rose 2,5L ADV23 | C23: 4 | D23: 810 | F23: =C23*D23*E23 -> 0 | H23: 0.06 | I23: =+H23*F23 -> 0
A24: 2952074 | B24: Le Chat Regular 2,5L ADV23 | C24: 4 | D24: 810 | F24: =C24*D24*E24 -> 0 | H24: 0.06 | I24: =+H24*F24 -> 0
A25: 2952081 | B25: Le Chat SDM 2,5L ADV23 | C25: 4 | D25: 810 | F25: =C25*D25*E25 -> 0 | H25: 0.06 | I25: =+H25*F25 -> 0
A26: 2952089 | B26: Le Chat Regular 1L ADV23 | C26: 10 | D26: 377 | F26: =C26*D26*E26 -> 0 | H26: 0.06 | I26: =+H26*F26 -> 0
A27: 2952090 | B27: Le Chat Rose 1L ADV23 | C27: 10 | D27: 377 | F27: =C27*D27*E27 -> 0 | H27: 0.06 | I27: =+H27*F27 -> 0
A28: 3035242 | B28: Le chat HDLD 4L ADV 23 non promo | C28: 3 | D28: 1145 | F28: =C28*D28*E28 -> 0 | H28: 0.06 | I28: =+H28*F28 -> 0
A29: 2958928 | B29: Le Chat 2,5kg bag ADV23 | C29: 4 | D29: 792 | F29: =C29*D29*E29 -> 0 | H29: 0.04 | I29: =+H29*F29 -> 0
A30: 2958931 | B30: Le Chat HS Gel 1L ADV23 | C30: 10 | D30: 331 | F30: =C30*D30*E30 -> 0 | H30: 0.04 | I30: =+H30*F30 -> 0
A31: 2958932 | B31: Le Chat HS 300gr ADV23 | C31: 25 | D31: 100 | F31: =C31*D31*E31 -> 0 | H31: 0.04 | I31: =+H31*F31 -> 0
A32: 2958933 | B32: Le Chat HS 750gr ADV23 | C32: 12 | D32: 233 | F32: =C32*D32*E32 -> 0 | H32: 0.04 | I32: =+H32*F32 -> 0
A33: 2970224 | B33: Pril Isis ultra power 1.25L | C33: 12 | D33: 284 | F33: =C33*D33*E33 -> 0 | I33: =+H33*F33 -> 0
A34: 2970482 | B34: Pril Isis ultra power 650ml | C34: 12 | D34: 168 | F34: =C34*D34*E34 -> 0 | I34: =+H34*F34 -> 0
A35: 2975112 | B35: Pril Isis ultra power 3 L | C35: 4 | D35: 664 | F35: =C35*D35*E35 -> 0 | I35: =+H35*F35 -> 0
A36: 2993253 | B36: Bref Triggers Cuisine 500ml | C36: 10 | D36: 221 | F36: =C36*D36*E36 -> 0 | I36: =+H36*F36 -> 0
A37: 2993256 | B37: ISIS Gold 5en1 300g | C37: 25 | D37: 90 | F37: =C37*D37*E37 -> 0 | H37: 0.06 | I37: =+H37*F37 -> 0
A38: 3002104 | B38: ISIS LS bag 2.5kg Lemon | C38: 4 | D38: 723 | F38: =C38*D38*E38 -> 0 | H38: 0.04 | I38: =+H38*F38 -> 0
A39: 3004676 | B39: ISIS gel machine universel 2.5L | C39: 4 | D39: 510 | F39: =C39*D39*E39 -> 0 | H39: 0.04 | I39: =+H39*F39 -> 0
A40: 3004679 | B40: ISIS gel machine universal 900ml | C40: 10 | D40: 265 | F40: =C40*D40*E40 -> 0 | H40: 0.04 | I40: =+H40*F40 -> 0
A41: 3011702 | B41: Bref javel pure power 900mL-DZ | C41: 12 | D41: 86 | F41: =C41*D41*E41 -> 0 | H41: 0.04 | I41: =+H41*F41 -> 0
A42: 3013691 | B42: Bref javel regular pure power 1,75L | C42: 6 | D42: 154 | F42: =C42*D42*E42 -> 0 | H42: 0.04 | I42: =+H42*F42 -> 0
A43: 3013692 | B43: Pril ISIS antibactérien 1.25L | C43: 12 | D43: 284 | F43: =C43*D43*E43 -> 0 | I43: =+H43*F43 -> 0
A44: 3014424 | B44: Le Chat Premium 1L LS GEL | C44: 10 | D44: 426 | F44: =C44*D44*E44 -> 0 | I44: =+H44*F44 -> 0
A45: 3019788 | B45: Pril isis antibac 1250ml promo | C45: 12 | D45: 267 | F45: =C45*D45*E45 -> 0 | I45: =+H45*F45 -> 0
A46: 3019789 | B46: Pril isis ultra power 1250ml promo | C46: 12 | D46: 267 | F46: =C46*D46*E46 -> 0 | I46: =+H46*F46 -> 0
A47: 3019821 | B47: Pril isis ultrapower 650ml promo | C47: 12 | D47: 156 | F47: =C47*D47*E47 -> 0 | I47: =+H47*F47 -> 0
A48: 3019822 | B48: Pril isis antibac 650ml promo | C48: 12 | D48: 156 | F48: =C48*D48*E48 -> 0 | I48: =+H48*F48 -> 0
A49: 3023685 | B49: Isis Bouquet 950ml Blan jasmin | C49: 12 | D49: 151 | F49: =C49*D49*E49 -> 0 | H49: 0.06 | I49: =+H49*F49 -> 0
A50: 3023684 | B50: isis Bouquet 950ml Rose | C50: 12 | D50: 151 | F50: =C50*D50*E50 -> 0 | H50: 0.06 | I50: =+H50*F50 -> 0
A51: 3021473 | B51: isis Bouquet 950ml Lavande | C51: 12 | D51: 151 | F51: =C51*D51*E51 -> 0 | H51: 0.06 | I51: =+H51*F51 -> 0
A52: 3030417 | B52: ISIS GOLD 5 en 1 HS 750g | C52: 12 | D52: 213 | F52: =C52*D52*E52 -> 0 | H52: 0.06 | I52: =+H52*F52 -> 0
A53: 3030426 | B53: Le Chat HS 1,5 KG ADV23 | C53: 8 | D53: 415 | F53: =C53*D53*E53 -> 0 | H53: 0.04 | I53: =+H53*F53 -> 0
A54: 3030254 | B54: ISIS Machine 2.5 kg Bag Promo Price OFF | C54: 4 | D54: 605 | F54: =C54*D54*E54 -> 0 | H54: 0.04 | I54: =+H54*F54 -> 0
A55: 3075606 | B55: Pril isis 650ml limited edition | C55: 12 | D55: 168 | F55: =C55*D55*E55 -> 0 | I55: =+H55*F55 -> 0
A56: 3051115 | B56: Le Chat HS Rose 750gr ADV23 | C56: 12 | D56: 233 | F56: =C56*D56*E56 -> 0 | H56: 0.04 | I56: =+H56*F56 -> 0
A57: 3051116 | B57: Le Chat HS Rose 300gr ADV23 | C57: 25 | D57: 100 | F57: =C57*D57*E57 -> 0 | H57: 0.04 | I57: =+H57*F57 -> 0
A58: 3020036 | B58: Promo Le Chat Liquide Machine 2.5L SDM | C58: 4 | D58: 725 | F58: =C58*D58*E58 -> 0 | H58: 0.06 | I58: =+H58*F58 -> 0
A59: 3020066 | B59: Promo Le Chat Liquide Machine 2.5L Rose | C59: 4 | D59: 725 | F59: =C59*D59*E59 -> 0 | H59: 0.06 | I59: =+H59*F59 -> 0
A60: 3021054 | B60: Le Chat Liquide Machine 2.5L (PROMO) | C60: 4 | D60: 725 | F60: =C60*D60*E60 -> 0 | H60: 0.06 | I60: =+H60*F60 -> 0
A61: 3091334 | B61: ISIS GOLD Machine Liquide 2.5L Lavander | C61: 4 | D61: 510 | F61: =C61*D61*E61 -> 0 | H61: 0.04 | I61: =+H61*F61 -> 0
A62: 3026745 | B62: Gliss Ultimate Repair 250ml | C62: 12 | D62: 378.5 | F62: =C62*D62*E62 -> 0 | H62: 0.04 | I62: =+H62*F62 -> 0
A63: 3026747 | B63: Gliss Aqua Revive 250ml | C63: 12 | D63: 378.5 | F63: =C63*D63*E63 -> 0 | H63: 0.04 | I63: =+H63*F63 -> 0
A64: 3026748 | B64: Gliss Oil Nutritive 250ml | C64: 12 | D64: 378.5 | F64: =C64*D64*E64 -> 0 | H64: 0.04 | I64: =+H64*F64 -> 0
A65: 3026746 | B65: Gliss Supreme Length 250ml | C65: 12 | D65: 378.5 | F65: =C65*D65*E65 -> 0 | H65: 0.04 | I65: =+H65*F65 -> 0
A66: 3026749 | B66: Gliss Aqua Revive 200ml | C66: 6 | D66: 379 | F66: =C66*D66*E66 -> 0 | H66: 0.04 | I66: =+H66*F66 -> 0
A67: 3026771 | B67: Gliss Oil Nutritive 200ml | C67: 6 | D67: 379 | F67: =C67*D67*E67 -> 0 | H67: 0.04 | I67: =+H67*F67 -> 0
... A72: 1250003 | B72: Le Chat Liquide Machine 2.5L Rose - Including TPR | C72: 4 | D72: 725 | F72: =C72*D72*E72 -> 0 | H72: 0.06 | I72: =+H72*F72 -> 0
A73: 3072880 | B73: Pril isis 1,25L l limited edition | C73: 12 | D73: 284 | F73: =C73*D73*E73 -> 0 | I73: =+H73*F73 -> 0
B74: TOTAL CARTONS | D74: =SUM(E14:E73) -> 0 | E74: TTC | F74: =SUM(F12:F73) -> 0 | G74: =SUM(G12:G73) -> 0 | I74: =SUM(I12:I73) -> 0
E75: REMISE | F75: =+I74 -> 0
E76: NET | F76: =+F74-F75 -> 0

Sheet 22
A1: SARL ANDROMEDE DISTRIBUTION
A2: CITE CHAABIA LOT 16 SECTION 02 BIR TOUTA, ALGER.
A3: R-C : 16/00-1010272 B15 I-F : 001516101027219 ART : 16360128161 N° TEL : 0555048930
A5: BON DE LIVRAISON
A7: CLIENT :
A8: ADRESSE :
A9: DATE : | B9: =+'BON DE PREPARATION'!B9 -> 08 07 2023 | D9: LIVREUR :
A11: Code IDH | B11: PRODUITS | C11: Qté/Crt | D11: P.U. | E11: Qté. Vendu | F11: Montant TTC | G11: REMISE SALES BUZZ | H11: % REMISE | I11: REMISE
A12: 2682282 | B12: Le Chat Premium RL 2.5L | C12: 4 | D12: 995 | F12: =C12*D12*E12 -> 0 | H12: 0.06 | I12: =+H12*F12 -> 0
A13: 3035219 | B13: Le Chat LS BAG 2.5kg PROMO | C13: 4 | D13: 695 | F13: =C13*D13*E13 -> 0 | H13: 0.04 | I13: =+H13*F13 -> 0
A14: 3051094 | B14: Bref Moussant 1,75L | C14: 6 | D14: 226 | F14: =C14*D14*E14 -> 0 | H14: 0.04 | I14: =+H14*F14 -> 0
A15: 2823409 | B15: ISIS HS POWDER SDM 300GR LIMITLESS | C15: 25 | D15: 90 | F15: =C15*D15*E15 -> 0 | H15: 0.06 | I15: =+H15*F15 -> 0
A16: 3072722 | B16: BREF Trigger multi-surface 490ml | C16: 12 | D16: 221 | F16: =C16*D16*E16 -> 0 | I16: =+H16*F16 -> 0
A17: 3022693 | B17: Pril ISIS Cold Power 3L Promo | C17: 4 | D17: 595 | F17: =C17*D17*E17 -> 0 | I17: =+H17*F17 -> 0
A18: 2875891 | B18: ISIS HS 300g LEMON LIMITLESS | C18: 25 | D18: 90 | F18: =C18*D18*E18 -> 0 | H18: 0.06 | I18: =+H18*F18 -> 0
A19: 2875892 | B19: ISIS HS 750g LEMON LIMITLESS | C19: 12 | D19: 213 | F19: =C19*D19*E19 -> 0 | H19: 0.06 | I19: =+H19*F19 -> 0
A20: 2875893 | B20: ISIS HS 1,5Kg LEMON LIMITLESS | C20: 8 | D20: 417 | F20: =C20*D20*E20 -> 0 | H20: 0.06 | I20: =+H20*F20 -> 0
A21: 2910278 | B21: Nettoyant Moussant Javelisé 900ml | C21: 12 | D21: 123.5 | F21: =C21*D21*E21 -> 0 | H21: 0.04 | I21: =+H21*F21 -> 0
A22: 2943549 | B22: Pril ISIS Antibactérien 650ML Lemon | C22: 12 | D22: 168 | F22: =C22*D22*E22 -> 0 | I22: =+H22*F22 -> 0
A23: 2951994 | B23: Le Chat Rose 2,5L ADV23 | C23: 4 | D23: 810 | F23: =C23*D23*E23 -> 0 | H23: 0.06 | I23: =+H23*F23 -> 0
A24: 2952074 | B24: Le Chat Regular 2,5L ADV23 | C24: 4 | D24: 810 | F24: =C24*D24*E24 -> 0 | H24: 0.06 | I24: =+H24*F24 -> 0
A25: 2952081 | B25: Le Chat SDM 2,5L ADV23 | C25: 4 | D25: 810 | F25: =C25*D25*E25 -> 0 | H25: 0.06 | I25: =+H25*F25 -> 0
A26: 2952089 | B26: Le Chat Regular 1L ADV23 | C26: 10 | D26: 377 | F26: =C26*D26*E26 -> 0 | H26: 0.06 | I26: =+H26*F26 -> 0
A27: 2952090 | B27: Le Chat Rose 1L ADV23 | C27: 10 | D27: 377 | F27: =C27*D27*E27 -> 0 | H27: 0.06 | I27: =+H27*F27 -> 0
A28: 3035242 | B28: Le chat HDLD 4L ADV 23 non promo | C28: 3 | D28: 1145 | F28: =C28*D28*E28 -> 0 | H28: 0.06 | I28: =+H28*F28 -> 0
A29: 2958928 | B29: Le Chat 2,5kg bag ADV23 | C29: 4 | D29: 792 | F29: =C29*D29*E29 -> 0 | H29: 0.04 | I29: =+H29*F29 -> 0
A30: 2958931 | B30: Le Chat HS Gel 1L ADV23 | C30: 10 | D30: 331 | F30: =C30*D30*E30 -> 0 | H30: 0.04 | I30: =+H30*F30 -> 0
A31: 2958932 | B31: Le Chat HS 300gr ADV23 | C31: 25 | D31: 100 | F31: =C31*D31*E31 -> 0 | H31: 0.04 | I31: =+H31*F31 -> 0
A32: 2958933 | B32: Le Chat HS 750gr ADV23 | C32: 12 | D32: 233 | F32: =C32*D32*E32 -> 0 | H32: 0.04 | I32: =+H32*F32 -> 0
A33: 2970224 | B33: Pril Isis ultra power 1.25L | C33: 12 | D33: 284 | F33: =C33*D33*E33 -> 0 | I33: =+H33*F33 -> 0
A34: 2970482 | B34: Pril Isis ultra power 650ml | C34: 12 | D34: 168 | F34: =C34*D34*E34 -> 0 | I34: =+H34*F34 -> 0
A35: 2975112 | B35: Pril Isis ultra power 3 L | C35: 4 | D35: 664 | F35: =C35*D35*E35 -> 0 | I35: =+H35*F35 -> 0
A36: 2993253 | B36: Bref Triggers Cuisine 500ml | C36: 10 | D36: 221 | F36: =C36*D36*E36 -> 0 | I36: =+H36*F36 -> 0
A37: 2993256 | B37: ISIS Gold 5en1 300g | C37: 25 | D37: 90 | F37: =C37*D37*E37 -> 0 | H37: 0.06 | I37: =+H37*F37 -> 0
A38: 3002104 | B38: ISIS LS bag 2.5kg Lemon | C38: 4 | D38: 723 | F38: =C38*D38*E38 -> 0 | H38: 0.04 | I38: =+H38*F38 -> 0
A39: 3004676 | B39: ISIS gel machine universel 2.5L | C39: 4 | D39: 510 | F39: =C39*D39*E39 -> 0 | H39: 0.04 | I39: =+H39*F39 -> 0
A40: 3004679 | B40: ISIS gel machine universal 900ml | C40: 10 | D40: 265 | F40: =C40*D40*E40 -> 0 | H40: 0.04 | I40: =+H40*F40 -> 0
A41: 3011702 | B41: Bref javel pure power 900mL-DZ | C41: 12 | D41: 86 | F41: =C41*D41*E41 -> 0 | H41: 0.04 | I41: =+H41*F41 -> 0
A42: 3013691 | B42: Bref javel regular pure power 1,75L | C42: 6 | D42: 154 | F42: =C42*D42*E42 -> 0 | H42: 0.04 | I42: =+H42*F42 -> 0
A43: 3013692 | B43: Pril ISIS antibactérien 1.25L | C43: 12 | D43: 284 | F43: =C43*D43*E43 -> 0 | I43: =+H43*F43 -> 0
A44: 3014424 | B44: Le Chat Premium 1L LS GEL | C44: 10 | D44: 426 | F44: =C44*D44*E44 -> 0 | I44: =+H44*F44 -> 0
A45: 3019788 | B45: Pril isis antibac 1250ml promo | C45: 12 | D45: 267 | F45: =C45*D45*E45 -> 0 | I45: =+H45*F45 -> 0
A46: 3019789 | B46: Pril isis ultra power 1250ml promo | C46: 12 | D46: 267 | F46: =C46*D46*E46 -> 0 | I46: =+H46*F46 -> 0
A47: 3019821 | B47: Pril isis ultrapower 650ml promo | C47: 12 | D47: 156 | F47: =C47*D47*E47 -> 0 | I47: =+H47*F47 -> 0
A48: 3019822 | B48: Pril isis antibac 650ml promo | C48: 12 | D48: 156 | F48: =C48*D48*E48 -> 0 | I48: =+H48*F48 -> 0
A49: 3023685 | B49: Isis Bouquet 950ml Blan jasmin | C49: 12 | D49: 151 | F49: =C49*D49*E49 -> 0 | H49: 0.06 | I49: =+H49*F49 -> 0
A50: 3023684 | B50: isis Bouquet 950ml Rose | C50: 12 | D50: 151 | F50: =C50*D50*E50 -> 0 | H50: 0.06 | I50: =+H50*F50 -> 0
A51: 3021473 | B51: isis Bouquet 950ml Lavande | C51: 12 | D51: 151 | F51: =C51*D51*E51 -> 0 | H51: 0.06 | I51: =+H51*F51 -> 0
A52: 3030417 | B52: ISIS GOLD 5 en 1 HS 750g | C52: 12 | D52: 213 | F52: =C52*D52*E52 -> 0 | H52: 0.06 | I52: =+H52*F52 -> 0
A53: 3030426 | B53: Le Chat HS 1,5 KG ADV23 | C53: 8 | D53: 415 | F53: =C53*D53*E53 -> 0 | H53: 0.04 | I53: =+H53*F53 -> 0
A54: 3030254 | B54: ISIS Machine 2.5 kg Bag Promo Price OFF | C54: 4 | D54: 605 | F54: =C54*D54*E54 -> 0 | H54: 0.04 | I54: =+H54*F54 -> 0
A55: 3075606 | B55: Pril isis 650ml limited edition | C55: 12 | D55: 168 | F55: =C55*D55*E55 -> 0 | I55: =+H55*F55 -> 0
A56: 3051115 | B56: Le Chat HS Rose 750gr ADV23 | C56: 12 | D56: 233 | F56: =C56*D56*E56 -> 0 | H56: 0.04 | I56: =+H56*F56 -> 0
A57: 3051116 | B57: Le Chat HS Rose 300gr ADV23 | C57: 25 | D57: 100 | F57: =C57*D57*E57 -> 0 | H57: 0.04 | I57: =+H57*F57 -> 0
A58: 3020036 | B58: Promo Le Chat Liquide Machine 2.5L SDM | C58: 4 | D58: 725 | F58: =C58*D58*E58 -> 0 | H58: 0.06 | I58: =+H58*F58 -> 0
A59: 3020066 | B59: Promo Le Chat Liquide Machine 2.5L Rose | C59: 4 | D59: 725 | F59: =C59*D59*E59 -> 0 | H59: 0.06 | I59: =+H59*F59 -> 0
A60: 3021054 | B60: Le Chat Liquide Machine 2.5L (PROMO) | C60: 4 | D60: 725 | F60: =C60*D60*E60 -> 0 | H60: 0.06 | I60: =+H60*F60 -> 0
A61: 3091334 | B61: ISIS GOLD Machine Liquide 2.5L Lavander | C61: 4 | D61: 510 | F61: =C61*D61*E61 -> 0 | H61: 0.04 | I61: =+H61*F61 -> 0
A62: 3026745 | B62: Gliss Ultimate Repair 250ml | C62: 12 | D62: 378.5 | F62: =C62*D62*E62 -> 0 | H62: 0.04 | I62: =+H62*F62 -> 0
A63: 3026747 | B63: Gliss Aqua Revive 250ml | C63: 12 | D63: 378.5 | F63: =C63*D63*E63 -> 0 | H63: 0.04 | I63: =+H63*F63 -> 0
A64: 3026748 | B64: Gliss Oil Nutritive 250ml | C64: 12 | D64: 378.5 | F64: =C64*D64*E64 -> 0 | H64: 0.04 | I64: =+H64*F64 -> 0
A65: 3026746 | B65: Gliss Supreme Length 250ml | C65: 12 | D65: 378.5 | F65: =C65*D65*E65 -> 0 | H65: 0.04 | I65: =+H65*F65 -> 0
A66: 3026749 | B66: Gliss Aqua Revive 200ml | C66: 6 | D66: 379 | F66: =C66*D66*E66 -> 0 | H66: 0.04 | I66: =+H66*F66 -> 0
A67: 3026771 | B67: Gliss Oil Nutritive 200ml | C67: 6 | D67: 379 | F67: =C67*D67*E67 -> 0 | H67: 0.04 | I67: =+H67*F67 -> 0
... A72: 1250003 | B72: Le Chat Liquide Machine 2.5L Rose - Including TPR | C72: 4 | D72: 725 | F72: =C72*D72*E72 -> 0 | H72: 0.06 | I72: =+H72*F72 -> 0
A73: 3072880 | B73: Pril isis 1,25L l limited edition | C73: 12 | D73: 284 | F73: =C73*D73*E73 -> 0 | I73: =+H73*F73 -> 0
B74: TOTAL CARTONS | D74: =SUM(E14:E73) -> 0 | E74: TTC | F74: =SUM(F12:F73) -> 0 | G74: =SUM(G12:G73) -> 0 | I74: =SUM(I12:I73) -> 0
E75: REMISE | F75: =+I74 -> 0
E76: NET | F76: =+F74-F75 -> 0

Sheet 23
A1: SARL ANDROMEDE DISTRIBUTION
A2: CITE CHAABIA LOT 16 SECTION 02 BIR TOUTA, ALGER.
A3: R-C : 16/00-1010272 B15 I-F : 001516101027219 ART : 16360128161 N° TEL : 0555048930
A5: BON DE LIVRAISON
A7: CLIENT :
A8: ADRESSE :
A9: DATE : | B9: =+'BON DE PREPARATION'!B9 -> 08 07 2023 | D9: LIVREUR :
A11: Code IDH | B11: PRODUITS | C11: Qté/Crt | D11: P.U. | E11: Qté. Vendu | F11: Montant TTC | G11: REMISE SALES BUZZ | H11: % REMISE | I11: REMISE
A12: 2682282 | B12: Le Chat Premium RL 2.5L | C12: 4 | D12: 995 | F12: =C12*D12*E12 -> 0 | H12: 0.06 | I12: =+H12*F12 -> 0
A13: 3035219 | B13: Le Chat LS BAG 2.5kg PROMO | C13: 4 | D13: 695 | F13: =C13*D13*E13 -> 0 | H13: 0.04 | I13: =+H13*F13 -> 0
A14: 3051094 | B14: Bref Moussant 1,75L | C14: 6 | D14: 226 | F14: =C14*D14*E14 -> 0 | H14: 0.04 | I14: =+H14*F14 -> 0
A15: 2823409 | B15: ISIS HS POWDER SDM 300GR LIMITLESS | C15: 25 | D15: 90 | F15: =C15*D15*E15 -> 0 | H15: 0.06 | I15: =+H15*F15 -> 0
A16: 3072722 | B16: BREF Trigger multi-surface 490ml | C16: 12 | D16: 221 | F16: =C16*D16*E16 -> 0 | I16: =+H16*F16 -> 0
A17: 3022693 | B17: Pril ISIS Cold Power 3L Promo | C17: 4 | D17: 595 | F17: =C17*D17*E17 -> 0 | I17: =+H17*F17 -> 0
A18: 2875891 | B18: ISIS HS 300g LEMON LIMITLESS | C18: 25 | D18: 90 | F18: =C18*D18*E18 -> 0 | H18: 0.06 | I18: =+H18*F18 -> 0
A19: 2875892 | B19: ISIS HS 750g LEMON LIMITLESS | C19: 12 | D19: 213 | F19: =C19*D19*E19 -> 0 | H19: 0.06 | I19: =+H19*F19 -> 0
A20: 2875893 | B20: ISIS HS 1,5Kg LEMON LIMITLESS | C20: 8 | D20: 417 | F20: =C20*D20*E20 -> 0 | H20: 0.06 | I20: =+H20*F20 -> 0
A21: 2910278 | B21: Nettoyant Moussant Javelisé 900ml | C21: 12 | D21: 123.5 | F21: =C21*D21*E21 -> 0 | H21: 0.04 | I21: =+H21*F21 -> 0
A22: 2943549 | B22: Pril ISIS Antibactérien 650ML Lemon | C22: 12 | D22: 168 | F22: =C22*D22*E22 -> 0 | I22: =+H22*F22 -> 0
A23: 2951994 | B23: Le Chat Rose 2,5L ADV23 | C23: 4 | D23: 810 | F23: =C23*D23*E23 -> 0 | H23: 0.06 | I23: =+H23*F23 -> 0
A24: 2952074 | B24: Le Chat Regular 2,5L ADV23 | C24: 4 | D24: 810 | F24: =C24*D24*E24 -> 0 | H24: 0.06 | I24: =+H24*F24 -> 0
A25: 2952081 | B25: Le Chat SDM 2,5L ADV23 | C25: 4 | D25: 810 | F25: =C25*D25*E25 -> 0 | H25: 0.06 | I25: =+H25*F25 -> 0
A26: 2952089 | B26: Le Chat Regular 1L ADV23 | C26: 10 | D26: 377 | F26: =C26*D26*E26 -> 0 | H26: 0.06 | I26: =+H26*F26 -> 0
A27: 2952090 | B27: Le Chat Rose 1L ADV23 | C27: 10 | D27: 377 | F27: =C27*D27*E27 -> 0 | H27: 0.06 | I27: =+H27*F27 -> 0
A28: 3035242 | B28: Le chat HDLD 4L ADV 23 non promo | C28: 3 | D28: 1145 | F28: =C28*D28*E28 -> 0 | H28: 0.06 | I28: =+H28*F28 -> 0
A29: 2958928 | B29: Le Chat 2,5kg bag ADV23 | C29: 4 | D29: 792 | F29: =C29*D29*E29 -> 0 | H29: 0.04 | I29: =+H29*F29 -> 0
A30: 2958931 | B30: Le Chat HS Gel 1L ADV23 | C30: 10 | D30: 331 | F30: =C30*D30*E30 -> 0 | H30: 0.04 | I30: =+H30*F30 -> 0
A31: 2958932 | B31: Le Chat HS 300gr ADV23 | C31: 25 | D31: 100 | F31: =C31*D31*E31 -> 0 | H31: 0.04 | I31: =+H31*F31 -> 0
A32: 2958933 | B32: Le Chat HS 750gr ADV23 | C32: 12 | D32: 233 | F32: =C32*D32*E32 -> 0 | H32: 0.04 | I32: =+H32*F32 -> 0
A33: 2970224 | B33: Pril Isis ultra power 1.25L | C33: 12 | D33: 284 | F33: =C33*D33*E33 -> 0 | I33: =+H33*F33 -> 0
A34: 2970482 | B34: Pril Isis ultra power 650ml | C34: 12 | D34: 168 | F34: =C34*D34*E34 -> 0 | I34: =+H34*F34 -> 0
A35: 2975112 | B35: Pril Isis ultra power 3 L | C35: 4 | D35: 664 | F35: =C35*D35*E35 -> 0 | I35: =+H35*F35 -> 0
A36: 2993253 | B36: Bref Triggers Cuisine 500ml | C36: 10 | D36: 221 | F36: =C36*D36*E36 -> 0 | I36: =+H36*F36 -> 0
A37: 2993256 | B37: ISIS Gold 5en1 300g | C37: 25 | D37: 90 | F37: =C37*D37*E37 -> 0 | H37: 0.06 | I37: =+H37*F37 -> 0
A38: 3002104 | B38: ISIS LS bag 2.5kg Lemon | C38: 4 | D38: 723 | F38: =C38*D38*E38 -> 0 | H38: 0.04 | I38: =+H38*F38 -> 0
A39: 3004676 | B39: ISIS gel machine universel 2.5L | C39: 4 | D39: 510 | F39: =C39*D39*E39 -> 0 | H39: 0.04 | I39: =+H39*F39 -> 0
A40: 3004679 | B40: ISIS gel machine universal 900ml | C40: 10 | D40: 265 | F40: =C40*D40*E40 -> 0 | H40: 0.04 | I40: =+H40*F40 -> 0
A41: 3011702 | B41: Bref javel pure power 900mL-DZ | C41: 12 | D41: 86 | F41: =C41*D41*E41 -> 0 | H41: 0.04 | I41: =+H41*F41 -> 0
A42: 3013691 | B42: Bref javel regular pure power 1,75L | C42: 6 | D42: 154 | F42: =C42*D42*E42 -> 0 | H42: 0.04 | I42: =+H42*F42 -> 0
A43: 3013692 | B43: Pril ISIS antibactérien 1.25L | C43: 12 | D43: 284 | F43: =C43*D43*E43 -> 0 | I43: =+H43*F43 -> 0
A44: 3014424 | B44: Le Chat Premium 1L LS GEL | C44: 10 | D44: 426 | F44: =C44*D44*E44 -> 0 | I44: =+H44*F44 -> 0
A45: 3019788 | B45: Pril isis antibac 1250ml promo | C45: 12 | D45: 267 | F45: =C45*D45*E45 -> 0 | I45: =+H45*F45 -> 0
A46: 3019789 | B46: Pril isis ultra power 1250ml promo | C46: 12 | D46: 267 | F46: =C46*D46*E46 -> 0 | I46: =+H46*F46 -> 0
A47: 3019821 | B47: Pril isis ultrapower 650ml promo | C47: 12 | D47: 156 | F47: =C47*D47*E47 -> 0 | I47: =+H47*F47 -> 0
A48: 3019822 | B48: Pril isis antibac 650ml promo | C48: 12 | D48: 156 | F48: =C48*D48*E48 -> 0 | I48: =+H48*F48 -> 0
A49: 3023685 | B49: Isis Bouquet 950ml Blan jasmin | C49: 12 | D49: 151 | F49: =C49*D49*E49 -> 0 | H49: 0.06 | I49: =+H49*F49 -> 0
A50: 3023684 | B50: isis Bouquet 950ml Rose | C50: 12 | D50: 151 | F50: =C50*D50*E50 -> 0 | H50: 0.06 | I50: =+H50*F50 -> 0
A51: 3021473 | B51: isis Bouquet 950ml Lavande | C51: 12 | D51: 151 | F51: =C51*D51*E51 -> 0 | H51: 0.06 | I51: =+H51*F51 -> 0
A52: 3030417 | B52: ISIS GOLD 5 en 1 HS 750g | C52: 12 | D52: 213 | F52: =C52*D52*E52 -> 0 | H52: 0.06 | I52: =+H52*F52 -> 0
A53: 3030426 | B53: Le Chat HS 1,5 KG ADV23 | C53: 8 | D53: 415 | F53: =C53*D53*E53 -> 0 | H53: 0.04 | I53: =+H53*F53 -> 0
A54: 3030254 | B54: ISIS Machine 2.5 kg Bag Promo Price OFF | C54: 4 | D54: 605 | F54: =C54*D54*E54 -> 0 | H54: 0.04 | I54: =+H54*F54 -> 0
